#
# There is insufficient memory for the Java Runtime Environment to continue.
# Native memory allocation (mmap) failed to map 428867584 bytes. Error detail: G1 virtual space
# Possible reasons:
#   The system is out of physical RAM or swap space
#   This process is running with CompressedOops enabled, and the Java Heap may be blocking the growth of the native heap
# Possible solutions:
#   Reduce memory load on the system
#   Increase physical memory or swap space
#   Check if swap backing store is full
#   Decrease Java heap size (-Xmx/-Xms)
#   Decrease number of Java threads
#   Decrease Java thread stack sizes (-Xss)
#   Set larger code cache with -XX:ReservedCodeCacheSize=
#   JVM is running with Unscaled Compressed Oops mode in which the Java heap is
#     placed in the first 4GB address space. The Java Heap base address is the
#     maximum limit for the native heap growth. Please use -XX:HeapBaseMinAddress
#     to set the Java Heap base and to place the Java Heap above 4GB virtual address.
# This output file may be truncated or incomplete.
#
#  Out of Memory Error (os_windows.cpp:3925), pid=16288, tid=16772
#
# JRE version: OpenJDK Runtime Environment (21.0.9) (build 21.0.9+-14649483-b1163.86)
# Java VM: OpenJDK 64-Bit Server VM (21.0.9+-14649483-b1163.86, mixed mode, tiered, compressed oops, compressed class ptrs, g1 gc, windows-amd64)
# No core dump will be written. Minidumps are not enabled by default on client versions of Windows
#

---------------  S U M M A R Y ------------

Command Line: --add-opens=java.base/java.lang=ALL-UNNAMED --add-opens=java.base/java.lang.invoke=ALL-UNNAMED --add-opens=java.base/java.util=ALL-UNNAMED --add-opens=java.prefs/java.util.prefs=ALL-UNNAMED --add-exports=jdk.compiler/com.sun.tools.javac.api=ALL-UNNAMED --add-exports=jdk.compiler/com.sun.tools.javac.util=ALL-UNNAMED --add-opens=java.base/java.util=ALL-UNNAMED --add-opens=java.prefs/java.util.prefs=ALL-UNNAMED --add-opens=java.base/java.nio.charset=ALL-UNNAMED --add-opens=java.base/java.net=ALL-UNNAMED --add-opens=java.base/java.util.concurrent=ALL-UNNAMED --add-opens=java.base/java.util.concurrent.atomic=ALL-UNNAMED --add-opens=java.xml/javax.xml.namespace=ALL-UNNAMED --add-opens=java.base/java.time=ALL-UNNAMED -Xmx2048m -Dfile.encoding=UTF-8 -Duser.country=US -Duser.language=en -Duser.variant -javaagent:C:\Users\unity\.gradle\wrapper\dists\gradle-9.2.1-bin\2t0n5ozlw9xmuyvbp7dnzaxug\gradle-9.2.1\lib\agents\gradle-instrumentation-agent-9.2.1.jar org.gradle.launcher.daemon.bootstrap.GradleDaemon 9.2.1

Host: AMD Ryzen 5 7535HS with Radeon Graphics        , 12 cores, 15G,  Windows 11 , 64 bit Build 26100 (10.0.26100.7705)
Time: Mon Feb 16 12:24:03 2026 India Standard Time elapsed time: 417.179942 seconds (0d 0h 6m 57s)

---------------  T H R E A D  ---------------

Current thread (0x000002405f5fe320):  VMThread "VM Thread"          [id=16772, stack(0x0000007b6ab00000,0x0000007b6ac00000) (1024K)]

Stack: [0x0000007b6ab00000,0x0000007b6ac00000]
Native frames: (J=compiled Java code, j=interpreted, Vv=VM code, C=native code)
V  [jvm.dll+0x6d6c99]
V  [jvm.dll+0x866b83]
V  [jvm.dll+0x86919e]
V  [jvm.dll+0x869883]
V  [jvm.dll+0x280776]
V  [jvm.dll+0x6d3555]
V  [jvm.dll+0x6c6bea]
V  [jvm.dll+0x3587fb]
V  [jvm.dll+0x360476]
V  [jvm.dll+0x3b2646]
V  [jvm.dll+0x3b2918]
V  [jvm.dll+0x32af0c]
V  [jvm.dll+0x32af97]
V  [jvm.dll+0x370e7c]
V  [jvm.dll+0x36f62e]
V  [jvm.dll+0x32a661]
V  [jvm.dll+0x36f05b]
V  [jvm.dll+0x86f608]
V  [jvm.dll+0x870984]
V  [jvm.dll+0x870ec0]
V  [jvm.dll+0x871153]
V  [jvm.dll+0x80f118]
V  [jvm.dll+0x6d54ed]
C  [ucrtbase.dll+0x37b0]
C  [KERNEL32.DLL+0x2e8d7]
C  [ntdll.dll+0x8c40c]

VM_Operation (0x0000007b76dfdc00): G1TryInitiateConcMark, mode: safepoint, requested by thread 0x00000240666953d0


---------------  P R O C E S S  ---------------

Threads class SMR info:
_java_thread_list=0x000002406898f780, length=216, elements={
0x0000024045697620, 0x000002405f6e9a60, 0x000002405f6ed460, 0x000002405f704cb0,
0x000002405f7169a0, 0x000002405f717400, 0x000002405f717e60, 0x000002405f722300,
0x000002405f72fd40, 0x000002405f7307e0, 0x000002405f9fd930, 0x0000024065cafcc0,
0x0000024066062270, 0x0000024066796890, 0x0000024066398b70, 0x00000240663956f0,
0x0000024066395d80, 0x0000024067f00630, 0x0000024067efffa0, 0x0000024067efebf0,
0x0000024067f05b80, 0x0000024067f047d0, 0x0000024067f02700, 0x0000024069fbf590,
0x0000024069fbc7a0, 0x000002406b49e530, 0x000002406b49ff70, 0x000002406ac09a60,
0x000002406a0b5aa0, 0x000002406ac0ae10, 0x000002406ac0cee0, 0x0000024066fb6110,
0x0000024067f00cc0, 0x0000024066fb67a0, 0x000002406bb0fd30, 0x00000240701ea5d0,
0x00000240701e8b90, 0x00000240701e98b0, 0x00000240701eac60, 0x00000240701ec010,
0x00000240701eb2f0, 0x00000240701eb980, 0x00000240701ec6a0, 0x00000240701e9f40,
0x00000240701e9220, 0x00000240701eda50, 0x00000240701ed3c0, 0x00000240701ee770,
0x00000240701efb20, 0x00000240701ecd30, 0x00000240701eee00, 0x00000240701ee0e0,
0x00000240701ef490, 0x00000240701f2fa0, 0x00000240701f0840, 0x00000240701f3630,
0x00000240701f0ed0, 0x00000240701f1560, 0x00000240701f1bf0, 0x00000240701f01b0,
0x00000240701f4350, 0x00000240701f3cc0, 0x00000240701f5070, 0x00000240701f49e0,
0x00000240701f5700, 0x000002406a604350, 0x00000240701f2280, 0x00000240701f5d90,
0x00000240701f2910, 0x00000240701f6420, 0x00000240701f6ab0, 0x00000240701f7140,
0x000002406bb079f0, 0x000002406bb08080, 0x000002406bb08da0, 0x000002406bb0a150,
0x000002406bb08710, 0x000002406bb09430, 0x000002406bb07360, 0x000002406bb09ac0,
0x000002406bb0bb90, 0x000002406bb0c8b0, 0x000002406bb0c220, 0x000002406bb0cf40,
0x000002406bb0b500, 0x000002406bb0d5d0, 0x000002406bb0dc60, 0x000002406bb0a7e0,
0x000002406bb0e2f0, 0x000002406bb0ae70, 0x000002406bb103c0, 0x000002406bb0f6a0,
0x000002406bb110e0, 0x000002406bb11770, 0x000002406bb10a50, 0x000002406bb11e00,
0x000002406bb0e980, 0x000002406bb15280, 0x000002406bb12490, 0x000002406bb14560,
0x000002406bb15910, 0x000002406bb15fa0, 0x000002406bb14bf0, 0x000002406bb13840,
0x000002406bb16630, 0x000002406bb13ed0, 0x000002406bebd150, 0x000002406bebf8b0,
0x000002406bebeb90, 0x000002406bebcac0, 0x000002406bebe500, 0x000002406bebde70,
0x000002406bec05d0, 0x000002406bebd7e0, 0x000002406bebff40, 0x000002406bec12f0,
0x000002406bebf220, 0x000002406bec40e0, 0x000002406bec4770, 0x000002406bec4e00,
0x000002406bec33c0, 0x000002406bec1980, 0x000002406bec2d30, 0x000002406bec5490,
0x000002406bec26a0, 0x000002406bec2010, 0x000002406bec61b0, 0x000002406bec6ed0,
0x000002406bec6840, 0x000002406bec7560, 0x000002406bec8910, 0x000002406bec8fa0,
0x000002406bec7bf0, 0x000002406a602ee0, 0x000002406b3d0d80, 0x000002406a0b7b70,
0x000002406a0b67c0, 0x000002406a0b5410, 0x000002406a0b6e50, 0x000002406a0b95b0,
0x000002406b4a19b0, 0x000002406b4a0c90, 0x000002406b4a1320, 0x000002406b49ebc0,
0x000002406b49f250, 0x000002406b49f8e0, 0x0000024066396410, 0x0000024066397e50,
0x000002406927dfe0, 0x000002406927b880, 0x000002406927f390, 0x000002406927bf10,
0x000002406927cc30, 0x000002406927c5a0, 0x0000024069280dd0, 0x0000024069282810,
0x00000240692800b0, 0x0000024069280740, 0x0000024069282ea0, 0x0000024071fa5620,
0x0000024071fa4f90, 0x0000024071fa76f0, 0x0000024071fa5cb0, 0x0000024071fa6340,
0x0000024065b841e0, 0x0000024065b834c0, 0x0000024065b86940, 0x0000024065b84870,
0x0000024065b84f00, 0x0000024065b86fd0, 0x0000024065b83b50, 0x0000024065b85c20,
0x0000024065b87cf0, 0x0000024065b88a10, 0x0000024065b87660, 0x0000024065b862b0,
0x0000024065b88380, 0x0000024065b85590, 0x0000024065b8b170, 0x0000024065b890a0,
0x0000024065b8be90, 0x0000024065b91a70, 0x0000024066fb4040, 0x0000024066730500,
0x000002406b06c510, 0x0000024071d169f0, 0x00000240666953d0, 0x0000024071d17080,
0x0000024072c8eb30, 0x0000024072c90570, 0x000002407011e6a0, 0x00000240711107c0,
0x000002406bb180a0, 0x000002407011d2f0, 0x000002407011ed30, 0x000002407011cc60,
0x000002407011b8b0, 0x000002407011bf40, 0x000002407011d980, 0x000002407011e010,
0x000002407011c5d0, 0x0000024071fa0760, 0x000002406be4f660, 0x000002406be4efd0,
0x00000240733603a0, 0x000002405f8c26a0, 0x000002405f8c1980, 0x000002405f8c33c0,
0x000002405f8c3a50, 0x000002405f8c40e0, 0x000002405f8c12f0, 0x000002405f8c0c60,
0x000002405f8c2010, 0x0000024071547a60, 0x0000024071544c70, 0x00000240715473d0
}

Java Threads: ( => current thread )
  0x0000024045697620 JavaThread "main"                              [_thread_blocked, id=15788, stack(0x0000007b6a400000,0x0000007b6a500000) (1024K)]
  0x000002405f6e9a60 JavaThread "Common-Cleaner"             daemon [_thread_blocked, id=16768, stack(0x0000007b6ac00000,0x0000007b6ad00000) (1024K)]
  0x000002405f6ed460 JavaThread "Reference Handler"          daemon [_thread_blocked, id=15048, stack(0x0000007b6ad00000,0x0000007b6ae00000) (1024K)]
  0x000002405f704cb0 JavaThread "Finalizer"                  daemon [_thread_blocked, id=15028, stack(0x0000007b6ae00000,0x0000007b6af00000) (1024K)]
  0x000002405f7169a0 JavaThread "Signal Dispatcher"          daemon [_thread_blocked, id=15792, stack(0x0000007b6af00000,0x0000007b6b000000) (1024K)]
  0x000002405f717400 JavaThread "Attach Listener"            daemon [_thread_blocked, id=15816, stack(0x0000007b6b000000,0x0000007b6b100000) (1024K)]
  0x000002405f717e60 JavaThread "Service Thread"             daemon [_thread_blocked, id=16748, stack(0x0000007b6b100000,0x0000007b6b200000) (1024K)]
  0x000002405f722300 JavaThread "Monitor Deflation Thread"   daemon [_thread_blocked, id=15812, stack(0x0000007b6b200000,0x0000007b6b300000) (1024K)]
  0x000002405f72fd40 JavaThread "C2 CompilerThread0"         daemon [_thread_blocked, id=16676, stack(0x0000007b6b300000,0x0000007b6b400000) (1024K)]
  0x000002405f7307e0 JavaThread "C1 CompilerThread0"         daemon [_thread_blocked, id=12140, stack(0x0000007b6b400000,0x0000007b6b500000) (1024K)]
  0x000002405f9fd930 JavaThread "Notification Thread"        daemon [_thread_blocked, id=12136, stack(0x0000007b6b500000,0x0000007b6b600000) (1024K)]
  0x0000024065cafcc0 JavaThread "Daemon health stats"               [_thread_blocked, id=16912, stack(0x0000007b6bb00000,0x0000007b6bc00000) (1024K)]
  0x0000024066062270 JavaThread "Incoming local TCP Connector on port 52026"        [_thread_in_native, id=16960, stack(0x0000007b6bd00000,0x0000007b6be00000) (1024K)]
  0x0000024066796890 JavaThread "Daemon periodic checks"            [_thread_blocked, id=15052, stack(0x0000007b6be00000,0x0000007b6bf00000) (1024K)]
  0x0000024066398b70 JavaThread "Cache worker for journal cache (C:\Users\unity\.gradle\caches\journal-1)"        [_thread_blocked, id=17036, stack(0x0000007b6cd00000,0x0000007b6ce00000) (1024K)]
  0x00000240663956f0 JavaThread "File lock request listener"        [_thread_in_native, id=15936, stack(0x0000007b6ce00000,0x0000007b6cf00000) (1024K)]
  0x0000024066395d80 JavaThread "Cache worker for file hash cache (C:\Users\unity\.gradle\caches\9.2.1\fileHashes)"        [_thread_blocked, id=16964, stack(0x0000007b6cf00000,0x0000007b6d000000) (1024K)]
  0x0000024067f00630 JavaThread "File watcher server"        daemon [_thread_blocked, id=16984, stack(0x0000007b6d200000,0x0000007b6d300000) (1024K)]
  0x0000024067efffa0 JavaThread "File watcher consumer"      daemon [_thread_blocked, id=17080, stack(0x0000007b6d300000,0x0000007b6d400000) (1024K)]
  0x0000024067efebf0 JavaThread "Cache worker for file content cache (C:\Users\unity\.gradle\caches\9.2.1\fileContent)"        [_thread_blocked, id=17128, stack(0x0000007b6d500000,0x0000007b6d600000) (1024K)]
  0x0000024067f05b80 JavaThread "jar transforms"                    [_thread_blocked, id=12404, stack(0x0000007b6d800000,0x0000007b6d900000) (1024K)]
  0x0000024067f047d0 JavaThread "jar transforms Thread 2"           [_thread_blocked, id=12500, stack(0x0000007b6d900000,0x0000007b6da00000) (1024K)]
  0x0000024067f02700 JavaThread "jar transforms Thread 3"           [_thread_blocked, id=1692, stack(0x0000007b6da00000,0x0000007b6db00000) (1024K)]
  0x0000024069fbf590 JavaThread "jar transforms Thread 4"           [_thread_blocked, id=16100, stack(0x0000007b6ef00000,0x0000007b6f000000) (1024K)]
  0x0000024069fbc7a0 JavaThread "jar transforms Thread 5"           [_thread_blocked, id=16104, stack(0x0000007b6f000000,0x0000007b6f100000) (1024K)]
  0x000002406b49e530 JavaThread "jar transforms Thread 6"           [_thread_blocked, id=17348, stack(0x0000007b6fb00000,0x0000007b6fc00000) (1024K)]
  0x000002406b49ff70 JavaThread "jar transforms Thread 7"           [_thread_blocked, id=16244, stack(0x0000007b6fc00000,0x0000007b6fd00000) (1024K)]
  0x000002406ac09a60 JavaThread "jar transforms Thread 8"           [_thread_blocked, id=15244, stack(0x0000007b6fd00000,0x0000007b6fe00000) (1024K)]
  0x000002406a0b5aa0 JavaThread "Memory manager"                    [_thread_blocked, id=16492, stack(0x0000007b71f00000,0x0000007b72000000) (1024K)]
  0x000002406ac0ae10 JavaThread "Daemon Thread 3"                   [_thread_blocked, id=23876, stack(0x0000007b6a200000,0x0000007b6a300000) (1024K)]
  0x000002406ac0cee0 JavaThread "Daemon worker Thread 3"            [_thread_blocked, id=7984, stack(0x0000007b6bc00000,0x0000007b6bd00000) (1024K)]
  0x0000024066fb6110 JavaThread "included builds"                   [_thread_blocked, id=25252, stack(0x0000007b70a00000,0x0000007b70b00000) (1024K)]
  0x0000024067f00cc0 JavaThread "VFS cleanup Thread 3"              [_thread_blocked, id=12164, stack(0x0000007b6bf00000,0x0000007b6c000000) (1024K)]
  0x0000024066fb67a0 JavaThread "included builds"                   [_thread_blocked, id=21908, stack(0x0000007b70b00000,0x0000007b70c00000) (1024K)]
  0x000002406bb0fd30 JavaThread "Cache worker for Java compile cache (C:\Users\unity\.gradle\caches\9.2.1\javaCompile)"        [_thread_blocked, id=10748, stack(0x0000007b74300000,0x0000007b74400000) (1024K)]
  0x00000240701ea5d0 JavaThread "Handler for socket connection from /127.0.0.1:52026 to /127.0.0.1:57746"        [_thread_in_native, id=8780, stack(0x0000007b6a100000,0x0000007b6a200000) (1024K)]
  0x00000240701e8b90 JavaThread "Cancel handler"                    [_thread_blocked, id=28896, stack(0x0000007b6a300000,0x0000007b6a400000) (1024K)]
  0x00000240701e98b0 JavaThread "Asynchronous log dispatcher for DefaultDaemonConnection: socket connection from /127.0.0.1:52026 to /127.0.0.1:57746"        [_thread_blocked, id=23996, stack(0x0000007b6b600000,0x0000007b6b700000) (1024K)]
  0x00000240701eac60 JavaThread "Stdin handler"                     [_thread_blocked, id=13140, stack(0x0000007b6c000000,0x0000007b6c100000) (1024K)]
  0x00000240701ec010 JavaThread "Daemon client event forwarder"        [_thread_blocked, id=16372, stack(0x0000007b6c100000,0x0000007b6c200000) (1024K)]
  0x00000240701eb2f0 JavaThread "Cache worker for file hash cache (C:\Users\unity\AndroidStudioProjects\Tutrnav\.gradle\9.2.1\fileHashes)"        [_thread_blocked, id=36436, stack(0x0000007b6c700000,0x0000007b6c800000) (1024K)]
  0x00000240701eb980 JavaThread "Cache worker for Build Output Cleanup Cache (C:\Users\unity\AndroidStudioProjects\Tutrnav\.gradle\buildOutputCleanup)"        [_thread_blocked, id=10556, stack(0x0000007b6c800000,0x0000007b6c900000) (1024K)]
  0x00000240701ec6a0 JavaThread "Cache worker for checksums cache (C:\Users\unity\AndroidStudioProjects\Tutrnav\.gradle\9.2.1\checksums)"        [_thread_blocked, id=12248, stack(0x0000007b6cb00000,0x0000007b6cc00000) (1024K)]
  0x00000240701e9f40 JavaThread "Cache worker for cache directory md-supplier (C:\Users\unity\.gradle\caches\9.2.1\md-supplier)"        [_thread_blocked, id=37280, stack(0x0000007b6cc00000,0x0000007b6cd00000) (1024K)]
  0x00000240701e9220 JavaThread "Cache worker for cache directory md-rule (C:\Users\unity\.gradle\caches\9.2.1\md-rule)"        [_thread_blocked, id=26908, stack(0x0000007b6d000000,0x0000007b6d100000) (1024K)]
  0x00000240701eda50 JavaThread "Unconstrained build operations"        [_thread_blocked, id=12476, stack(0x0000007b6d100000,0x0000007b6d200000) (1024K)]
  0x00000240701ed3c0 JavaThread "Unconstrained build operations Thread 2"        [_thread_blocked, id=10904, stack(0x0000007b6d400000,0x0000007b6d500000) (1024K)]
  0x00000240701ee770 JavaThread "Unconstrained build operations Thread 3"        [_thread_blocked, id=10688, stack(0x0000007b6d600000,0x0000007b6d700000) (1024K)]
  0x00000240701efb20 JavaThread "Unconstrained build operations Thread 4"        [_thread_blocked, id=3336, stack(0x0000007b6d700000,0x0000007b6d800000) (1024K)]
  0x00000240701ecd30 JavaThread "Unconstrained build operations Thread 5"        [_thread_blocked, id=12644, stack(0x0000007b6db00000,0x0000007b6dc00000) (1024K)]
  0x00000240701eee00 JavaThread "Unconstrained build operations Thread 6"        [_thread_blocked, id=27824, stack(0x0000007b6dc00000,0x0000007b6dd00000) (1024K)]
  0x00000240701ee0e0 JavaThread "Unconstrained build operations Thread 7"        [_thread_blocked, id=7160, stack(0x0000007b6dd00000,0x0000007b6de00000) (1024K)]
  0x00000240701ef490 JavaThread "Unconstrained build operations Thread 8"        [_thread_blocked, id=10436, stack(0x0000007b6de00000,0x0000007b6df00000) (1024K)]
  0x00000240701f2fa0 JavaThread "Unconstrained build operations Thread 9"        [_thread_blocked, id=30504, stack(0x0000007b6df00000,0x0000007b6e000000) (1024K)]
  0x00000240701f0840 JavaThread "Unconstrained build operations Thread 10"        [_thread_blocked, id=21480, stack(0x0000007b6e000000,0x0000007b6e100000) (1024K)]
  0x00000240701f3630 JavaThread "Unconstrained build operations Thread 11"        [_thread_blocked, id=27096, stack(0x0000007b6e100000,0x0000007b6e200000) (1024K)]
  0x00000240701f0ed0 JavaThread "Unconstrained build operations Thread 12"        [_thread_blocked, id=38184, stack(0x0000007b6e200000,0x0000007b6e300000) (1024K)]
  0x00000240701f1560 JavaThread "Unconstrained build operations Thread 13"        [_thread_blocked, id=11188, stack(0x0000007b6e300000,0x0000007b6e400000) (1024K)]
  0x00000240701f1bf0 JavaThread "Unconstrained build operations Thread 14"        [_thread_blocked, id=38304, stack(0x0000007b6e400000,0x0000007b6e500000) (1024K)]
  0x00000240701f01b0 JavaThread "Unconstrained build operations Thread 15"        [_thread_blocked, id=18164, stack(0x0000007b6e500000,0x0000007b6e600000) (1024K)]
  0x00000240701f4350 JavaThread "Unconstrained build operations Thread 16"        [_thread_blocked, id=37620, stack(0x0000007b6e600000,0x0000007b6e700000) (1024K)]
  0x00000240701f3cc0 JavaThread "Unconstrained build operations Thread 17"        [_thread_blocked, id=12116, stack(0x0000007b6e700000,0x0000007b6e800000) (1024K)]
  0x00000240701f5070 JavaThread "Unconstrained build operations Thread 18"        [_thread_blocked, id=32292, stack(0x0000007b6e800000,0x0000007b6e900000) (1024K)]
  0x00000240701f49e0 JavaThread "Unconstrained build operations Thread 19"        [_thread_blocked, id=12920, stack(0x0000007b6e900000,0x0000007b6ea00000) (1024K)]
  0x00000240701f5700 JavaThread "Unconstrained build operations Thread 20"        [_thread_blocked, id=12804, stack(0x0000007b6ea00000,0x0000007b6eb00000) (1024K)]
  0x000002406a604350 JavaThread "C2 CompilerThread1"         daemon [_thread_blocked, id=12748, stack(0x0000007b6eb00000,0x0000007b6ec00000) (1024K)]
  0x00000240701f2280 JavaThread "Unconstrained build operations Thread 21"        [_thread_blocked, id=13920, stack(0x0000007b6ec00000,0x0000007b6ed00000) (1024K)]
  0x00000240701f5d90 JavaThread "Unconstrained build operations Thread 22"        [_thread_blocked, id=38060, stack(0x0000007b6ed00000,0x0000007b6ee00000) (1024K)]
  0x00000240701f2910 JavaThread "Unconstrained build operations Thread 23"        [_thread_blocked, id=21268, stack(0x0000007b6ee00000,0x0000007b6ef00000) (1024K)]
  0x00000240701f6420 JavaThread "Unconstrained build operations Thread 24"        [_thread_blocked, id=13008, stack(0x0000007b6f100000,0x0000007b6f200000) (1024K)]
  0x00000240701f6ab0 JavaThread "Unconstrained build operations Thread 25"        [_thread_blocked, id=13896, stack(0x0000007b6f200000,0x0000007b6f300000) (1024K)]
  0x00000240701f7140 JavaThread "Unconstrained build operations Thread 26"        [_thread_blocked, id=14580, stack(0x0000007b6f300000,0x0000007b6f400000) (1024K)]
  0x000002406bb079f0 JavaThread "Unconstrained build operations Thread 27"        [_thread_blocked, id=11876, stack(0x0000007b6f400000,0x0000007b6f500000) (1024K)]
  0x000002406bb08080 JavaThread "Unconstrained build operations Thread 28"        [_thread_blocked, id=13024, stack(0x0000007b6f500000,0x0000007b6f600000) (1024K)]
  0x000002406bb08da0 JavaThread "Unconstrained build operations Thread 29"        [_thread_blocked, id=24320, stack(0x0000007b6f600000,0x0000007b6f700000) (1024K)]
  0x000002406bb0a150 JavaThread "Unconstrained build operations Thread 30"        [_thread_blocked, id=12328, stack(0x0000007b6f700000,0x0000007b6f800000) (1024K)]
  0x000002406bb08710 JavaThread "Unconstrained build operations Thread 31"        [_thread_blocked, id=21360, stack(0x0000007b6f800000,0x0000007b6f900000) (1024K)]
  0x000002406bb09430 JavaThread "Unconstrained build operations Thread 32"        [_thread_blocked, id=36232, stack(0x0000007b6f900000,0x0000007b6fa00000) (1024K)]
  0x000002406bb07360 JavaThread "Unconstrained build operations Thread 33"        [_thread_blocked, id=9664, stack(0x0000007b6fa00000,0x0000007b6fb00000) (1024K)]
  0x000002406bb09ac0 JavaThread "Unconstrained build operations Thread 34"        [_thread_blocked, id=1312, stack(0x0000007b6fe00000,0x0000007b6ff00000) (1024K)]
  0x000002406bb0bb90 JavaThread "Unconstrained build operations Thread 35"        [_thread_blocked, id=10452, stack(0x0000007b6ff00000,0x0000007b70000000) (1024K)]
  0x000002406bb0c8b0 JavaThread "Unconstrained build operations Thread 36"        [_thread_blocked, id=13236, stack(0x0000007b70000000,0x0000007b70100000) (1024K)]
  0x000002406bb0c220 JavaThread "Unconstrained build operations Thread 37"        [_thread_blocked, id=38176, stack(0x0000007b70100000,0x0000007b70200000) (1024K)]
  0x000002406bb0cf40 JavaThread "Unconstrained build operations Thread 38"        [_thread_blocked, id=38896, stack(0x0000007b70200000,0x0000007b70300000) (1024K)]
  0x000002406bb0b500 JavaThread "Unconstrained build operations Thread 39"        [_thread_blocked, id=14584, stack(0x0000007b70300000,0x0000007b70400000) (1024K)]
  0x000002406bb0d5d0 JavaThread "Unconstrained build operations Thread 40"        [_thread_blocked, id=16824, stack(0x0000007b70400000,0x0000007b70500000) (1024K)]
  0x000002406bb0dc60 JavaThread "Unconstrained build operations Thread 41"        [_thread_blocked, id=16700, stack(0x0000007b70500000,0x0000007b70600000) (1024K)]
  0x000002406bb0a7e0 JavaThread "Unconstrained build operations Thread 42"        [_thread_blocked, id=14296, stack(0x0000007b70600000,0x0000007b70700000) (1024K)]
  0x000002406bb0e2f0 JavaThread "build event listener"              [_thread_blocked, id=14844, stack(0x0000007b70700000,0x0000007b70800000) (1024K)]
  0x000002406bb0ae70 JavaThread "build event listener"              [_thread_blocked, id=12832, stack(0x0000007b70800000,0x0000007b70900000) (1024K)]
  0x000002406bb103c0 JavaThread "included builds"                   [_thread_blocked, id=12880, stack(0x0000007b70900000,0x0000007b70a00000) (1024K)]
  0x000002406bb0f6a0 JavaThread "Execution worker"                  [_thread_blocked, id=12044, stack(0x0000007b70c00000,0x0000007b70d00000) (1024K)]
  0x000002406bb110e0 JavaThread "Execution worker Thread 2"         [_thread_blocked, id=15060, stack(0x0000007b70d00000,0x0000007b70e00000) (1024K)]
  0x000002406bb11770 JavaThread "Execution worker Thread 3"         [_thread_blocked, id=11644, stack(0x0000007b70e00000,0x0000007b70f00000) (1024K)]
  0x000002406bb10a50 JavaThread "Execution worker Thread 4"         [_thread_blocked, id=988, stack(0x0000007b70f00000,0x0000007b71000000) (1024K)]
  0x000002406bb11e00 JavaThread "Execution worker Thread 5"         [_thread_blocked, id=14116, stack(0x0000007b71000000,0x0000007b71100000) (1024K)]
  0x000002406bb0e980 JavaThread "Execution worker Thread 6"         [_thread_blocked, id=14088, stack(0x0000007b71100000,0x0000007b71200000) (1024K)]
  0x000002406bb15280 JavaThread "Execution worker Thread 7"         [_thread_blocked, id=11084, stack(0x0000007b71200000,0x0000007b71300000) (1024K)]
  0x000002406bb12490 JavaThread "Execution worker Thread 8"         [_thread_blocked, id=3200, stack(0x0000007b71300000,0x0000007b71400000) (1024K)]
  0x000002406bb14560 JavaThread "Execution worker Thread 9"         [_thread_blocked, id=14728, stack(0x0000007b71400000,0x0000007b71500000) (1024K)]
  0x000002406bb15910 JavaThread "Execution worker Thread 10"        [_thread_blocked, id=34304, stack(0x0000007b71500000,0x0000007b71600000) (1024K)]
  0x000002406bb15fa0 JavaThread "Execution worker Thread 11"        [_thread_blocked, id=14968, stack(0x0000007b71600000,0x0000007b71700000) (1024K)]
  0x000002406bb14bf0 JavaThread "Cache worker for execution history cache (C:\Users\unity\AndroidStudioProjects\Tutrnav\.gradle\9.2.1\executionHistory)"        [_thread_blocked, id=18180, stack(0x0000007b71700000,0x0000007b71800000) (1024K)]
  0x000002406bb13840 JavaThread "Unconstrained build operations Thread 43"        [_thread_blocked, id=36468, stack(0x0000007b71800000,0x0000007b71900000) (1024K)]
  0x000002406bb16630 JavaThread "Unconstrained build operations Thread 44"        [_thread_blocked, id=17484, stack(0x0000007b71900000,0x0000007b71a00000) (1024K)]
  0x000002406bb13ed0 JavaThread "Unconstrained build operations Thread 45"        [_thread_blocked, id=9448, stack(0x0000007b71a00000,0x0000007b71b00000) (1024K)]
  0x000002406bebd150 JavaThread "Unconstrained build operations Thread 46"        [_thread_blocked, id=13016, stack(0x0000007b71b00000,0x0000007b71c00000) (1024K)]
  0x000002406bebf8b0 JavaThread "Unconstrained build operations Thread 47"        [_thread_blocked, id=15132, stack(0x0000007b71c00000,0x0000007b71d00000) (1024K)]
  0x000002406bebeb90 JavaThread "Unconstrained build operations Thread 48"        [_thread_blocked, id=15224, stack(0x0000007b71d00000,0x0000007b71e00000) (1024K)]
  0x000002406bebcac0 JavaThread "Unconstrained build operations Thread 49"        [_thread_blocked, id=14168, stack(0x0000007b71e00000,0x0000007b71f00000) (1024K)]
  0x000002406bebe500 JavaThread "Unconstrained build operations Thread 50"        [_thread_blocked, id=15156, stack(0x0000007b72000000,0x0000007b72100000) (1024K)]
  0x000002406bebde70 JavaThread "Unconstrained build operations Thread 51"        [_thread_blocked, id=15152, stack(0x0000007b72100000,0x0000007b72200000) (1024K)]
  0x000002406bec05d0 JavaThread "Unconstrained build operations Thread 52"        [_thread_blocked, id=15204, stack(0x0000007b72200000,0x0000007b72300000) (1024K)]
  0x000002406bebd7e0 JavaThread "Unconstrained build operations Thread 53"        [_thread_blocked, id=14224, stack(0x0000007b72300000,0x0000007b72400000) (1024K)]
  0x000002406bebff40 JavaThread "Unconstrained build operations Thread 54"        [_thread_blocked, id=12420, stack(0x0000007b72500000,0x0000007b72600000) (1024K)]
  0x000002406bec12f0 JavaThread "Unconstrained build operations Thread 55"        [_thread_blocked, id=34768, stack(0x0000007b72600000,0x0000007b72700000) (1024K)]
  0x000002406bebf220 JavaThread "Unconstrained build operations Thread 56"        [_thread_blocked, id=1936, stack(0x0000007b72700000,0x0000007b72800000) (1024K)]
  0x000002406bec40e0 JavaThread "Unconstrained build operations Thread 57"        [_thread_blocked, id=24732, stack(0x0000007b72800000,0x0000007b72900000) (1024K)]
  0x000002406bec4770 JavaThread "Unconstrained build operations Thread 58"        [_thread_blocked, id=13584, stack(0x0000007b72900000,0x0000007b72a00000) (1024K)]
  0x000002406bec4e00 JavaThread "Unconstrained build operations Thread 59"        [_thread_blocked, id=32044, stack(0x0000007b72a00000,0x0000007b72b00000) (1024K)]
  0x000002406bec33c0 JavaThread "Unconstrained build operations Thread 60"        [_thread_blocked, id=31248, stack(0x0000007b72b00000,0x0000007b72c00000) (1024K)]
  0x000002406bec1980 JavaThread "Unconstrained build operations Thread 61"        [_thread_blocked, id=11268, stack(0x0000007b72c00000,0x0000007b72d00000) (1024K)]
  0x000002406bec2d30 JavaThread "Build operations"                  [_thread_blocked, id=13872, stack(0x0000007b72d00000,0x0000007b72e00000) (1024K)]
  0x000002406bec5490 JavaThread "Build operations Thread 2"         [_thread_blocked, id=16208, stack(0x0000007b72e00000,0x0000007b72f00000) (1024K)]
  0x000002406bec26a0 JavaThread "Build operations Thread 3"         [_thread_blocked, id=14816, stack(0x0000007b72f00000,0x0000007b73000000) (1024K)]
  0x000002406bec2010 JavaThread "Build operations Thread 4"         [_thread_blocked, id=16708, stack(0x0000007b73000000,0x0000007b73100000) (1024K)]
  0x000002406bec61b0 JavaThread "Build operations Thread 5"         [_thread_blocked, id=12168, stack(0x0000007b73100000,0x0000007b73200000) (1024K)]
  0x000002406bec6ed0 JavaThread "Build operations Thread 6"         [_thread_blocked, id=9796, stack(0x0000007b73200000,0x0000007b73300000) (1024K)]
  0x000002406bec6840 JavaThread "Build operations Thread 7"         [_thread_blocked, id=36920, stack(0x0000007b73300000,0x0000007b73400000) (1024K)]
  0x000002406bec7560 JavaThread "Build operations Thread 8"         [_thread_blocked, id=9764, stack(0x0000007b73400000,0x0000007b73500000) (1024K)]
  0x000002406bec8910 JavaThread "Build operations Thread 9"         [_thread_blocked, id=10960, stack(0x0000007b73500000,0x0000007b73600000) (1024K)]
  0x000002406bec8fa0 JavaThread "Build operations Thread 10"        [_thread_blocked, id=11932, stack(0x0000007b73600000,0x0000007b73700000) (1024K)]
  0x000002406bec7bf0 JavaThread "Build operations Thread 11"        [_thread_blocked, id=11952, stack(0x0000007b73700000,0x0000007b73800000) (1024K)]
  0x000002406a602ee0 JavaThread "C2 CompilerThread2"         daemon [_thread_blocked, id=12364, stack(0x0000007b72400000,0x0000007b72500000) (1024K)]
  0x000002406b3d0d80 JavaThread "Problems report writer"            [_thread_blocked, id=13348, stack(0x0000007b73800000,0x0000007b73900000) (1024K)]
  0x000002406a0b7b70 JavaThread "Unconstrained build operations Thread 62"        [_thread_blocked, id=15396, stack(0x0000007b73900000,0x0000007b73a00000) (1024K)]
  0x000002406a0b67c0 JavaThread "WorkerExecutor Queue"              [_thread_blocked, id=5780, stack(0x0000007b73a00000,0x0000007b73b00000) (1024K)]
  0x000002406a0b5410 JavaThread "WorkerExecutor Queue Thread 2"        [_thread_blocked, id=14820, stack(0x0000007b73b00000,0x0000007b73c00000) (1024K)]
  0x000002406a0b6e50 JavaThread "WorkerExecutor Queue Thread 3"        [_thread_blocked, id=2600, stack(0x0000007b73c00000,0x0000007b73d00000) (1024K)]
  0x000002406a0b95b0 JavaThread "WorkerExecutor Queue Thread 4"        [_thread_blocked, id=12204, stack(0x0000007b73d00000,0x0000007b73e00000) (1024K)]
  0x000002406b4a19b0 JavaThread "WorkerExecutor Queue Thread 5"        [_thread_blocked, id=14680, stack(0x0000007b73e00000,0x0000007b73f00000) (1024K)]
  0x000002406b4a0c90 JavaThread "WorkerExecutor Queue Thread 6"        [_thread_blocked, id=34192, stack(0x0000007b73f00000,0x0000007b74000000) (1024K)]
  0x000002406b4a1320 JavaThread "WorkerExecutor Queue Thread 7"        [_thread_blocked, id=24676, stack(0x0000007b74000000,0x0000007b74100000) (1024K)]
  0x000002406b49ebc0 JavaThread "WorkerExecutor Queue Thread 8"        [_thread_blocked, id=12132, stack(0x0000007b74100000,0x0000007b74200000) (1024K)]
  0x000002406b49f250 JavaThread "WorkerExecutor Queue Thread 9"        [_thread_blocked, id=14288, stack(0x0000007b74200000,0x0000007b74300000) (1024K)]
  0x000002406b49f8e0 JavaThread "WorkerExecutor Queue Thread 10"        [_thread_blocked, id=11728, stack(0x0000007b74400000,0x0000007b74500000) (1024K)]
  0x0000024066396410 JavaThread "WorkerExecutor Queue Thread 11"        [_thread_blocked, id=12316, stack(0x0000007b74500000,0x0000007b74600000) (1024K)]
  0x0000024066397e50 JavaThread "WorkerExecutor Queue Thread 12"        [_thread_blocked, id=14848, stack(0x0000007b74600000,0x0000007b74700000) (1024K)]
  0x000002406927dfe0 JavaThread "Unconstrained build operations Thread 63"        [_thread_blocked, id=13344, stack(0x0000007b74700000,0x0000007b74800000) (1024K)]
  0x000002406927b880 JavaThread "Unconstrained build operations Thread 64"        [_thread_blocked, id=33244, stack(0x0000007b74800000,0x0000007b74900000) (1024K)]
  0x000002406927f390 JavaThread "Unconstrained build operations Thread 65"        [_thread_blocked, id=13524, stack(0x0000007b74900000,0x0000007b74a00000) (1024K)]
  0x000002406927bf10 JavaThread "Unconstrained build operations Thread 66"        [_thread_blocked, id=13168, stack(0x0000007b74a00000,0x0000007b74b00000) (1024K)]
  0x000002406927cc30 JavaThread "Unconstrained build operations Thread 67"        [_thread_blocked, id=38600, stack(0x0000007b74b00000,0x0000007b74c00000) (1024K)]
  0x000002406927c5a0 JavaThread "Unconstrained build operations Thread 68"        [_thread_blocked, id=9880, stack(0x0000007b74c00000,0x0000007b74d00000) (1024K)]
  0x0000024069280dd0 JavaThread "Unconstrained build operations Thread 69"        [_thread_blocked, id=32064, stack(0x0000007b74d00000,0x0000007b74e00000) (1024K)]
  0x0000024069282810 JavaThread "Unconstrained build operations Thread 70"        [_thread_blocked, id=10716, stack(0x0000007b74e00000,0x0000007b74f00000) (1024K)]
  0x00000240692800b0 JavaThread "Unconstrained build operations Thread 71"        [_thread_blocked, id=32264, stack(0x0000007b74f00000,0x0000007b75000000) (1024K)]
  0x0000024069280740 JavaThread "Unconstrained build operations Thread 72"        [_thread_blocked, id=5776, stack(0x0000007b75000000,0x0000007b75100000) (1024K)]
  0x0000024069282ea0 JavaThread "Unconstrained build operations Thread 73"        [_thread_blocked, id=17980, stack(0x0000007b75100000,0x0000007b75200000) (1024K)]
  0x0000024071fa5620 JavaThread "Unconstrained build operations Thread 74"        [_thread_blocked, id=16140, stack(0x0000007b75200000,0x0000007b75300000) (1024K)]
  0x0000024071fa4f90 JavaThread "Unconstrained build operations Thread 75"        [_thread_blocked, id=14856, stack(0x0000007b75300000,0x0000007b75400000) (1024K)]
  0x0000024071fa76f0 JavaThread "Unconstrained build operations Thread 76"        [_thread_blocked, id=16260, stack(0x0000007b75400000,0x0000007b75500000) (1024K)]
  0x0000024071fa5cb0 JavaThread "Unconstrained build operations Thread 77"        [_thread_blocked, id=15684, stack(0x0000007b75500000,0x0000007b75600000) (1024K)]
  0x0000024071fa6340 JavaThread "Unconstrained build operations Thread 78"        [_thread_blocked, id=15456, stack(0x0000007b75600000,0x0000007b75700000) (1024K)]
  0x0000024065b841e0 JavaThread "Unconstrained build operations Thread 79"        [_thread_blocked, id=14788, stack(0x0000007b75700000,0x0000007b75800000) (1024K)]
  0x0000024065b834c0 JavaThread "Unconstrained build operations Thread 80"        [_thread_blocked, id=15384, stack(0x0000007b75800000,0x0000007b75900000) (1024K)]
  0x0000024065b86940 JavaThread "Unconstrained build operations Thread 81"        [_thread_blocked, id=15476, stack(0x0000007b75900000,0x0000007b75a00000) (1024K)]
  0x0000024065b84870 JavaThread "Unconstrained build operations Thread 82"        [_thread_blocked, id=15352, stack(0x0000007b75a00000,0x0000007b75b00000) (1024K)]
  0x0000024065b84f00 JavaThread "Unconstrained build operations Thread 83"        [_thread_blocked, id=15304, stack(0x0000007b75b00000,0x0000007b75c00000) (1024K)]
  0x0000024065b86fd0 JavaThread "Unconstrained build operations Thread 84"        [_thread_blocked, id=14568, stack(0x0000007b75c00000,0x0000007b75d00000) (1024K)]
  0x0000024065b83b50 JavaThread "Unconstrained build operations Thread 85"        [_thread_blocked, id=29968, stack(0x0000007b75d00000,0x0000007b75e00000) (1024K)]
  0x0000024065b85c20 JavaThread "Unconstrained build operations Thread 86"        [_thread_blocked, id=14572, stack(0x0000007b75e00000,0x0000007b75f00000) (1024K)]
  0x0000024065b87cf0 JavaThread "Unconstrained build operations Thread 87"        [_thread_blocked, id=15524, stack(0x0000007b75f00000,0x0000007b76000000) (1024K)]
  0x0000024065b88a10 JavaThread "Unconstrained build operations Thread 88"        [_thread_blocked, id=15380, stack(0x0000007b76000000,0x0000007b76100000) (1024K)]
  0x0000024065b87660 JavaThread "Unconstrained build operations Thread 89"        [_thread_blocked, id=980, stack(0x0000007b76100000,0x0000007b76200000) (1024K)]
  0x0000024065b862b0 JavaThread "Unconstrained build operations Thread 90"        [_thread_blocked, id=13832, stack(0x0000007b76200000,0x0000007b76300000) (1024K)]
  0x0000024065b88380 JavaThread "Unconstrained build operations Thread 91"        [_thread_blocked, id=15428, stack(0x0000007b76300000,0x0000007b76400000) (1024K)]
  0x0000024065b85590 JavaThread "Unconstrained build operations Thread 92"        [_thread_blocked, id=12896, stack(0x0000007b76400000,0x0000007b76500000) (1024K)]
  0x0000024065b8b170 JavaThread "Unconstrained build operations Thread 93"        [_thread_blocked, id=14692, stack(0x0000007b76500000,0x0000007b76600000) (1024K)]
  0x0000024065b890a0 JavaThread "Unconstrained build operations Thread 94"        [_thread_blocked, id=15296, stack(0x0000007b76600000,0x0000007b76700000) (1024K)]
  0x0000024065b8be90 JavaThread "Unconstrained build operations Thread 95"        [_thread_blocked, id=13600, stack(0x0000007b76700000,0x0000007b76800000) (1024K)]
  0x0000024065b91a70 JavaThread "ForkJoinPool-1-worker-1"    daemon [_thread_blocked, id=38684, stack(0x0000007b76800000,0x0000007b76900000) (1024K)]
  0x0000024066fb4040 JavaThread "ForkJoinPool-1-worker-2"    daemon [_thread_blocked, id=31772, stack(0x0000007b76900000,0x0000007b76a00000) (1024K)]
  0x0000024066730500 JavaThread "ForkJoinPool-1-worker-3"    daemon [_thread_blocked, id=14736, stack(0x0000007b76a00000,0x0000007b76b00000) (1024K)]
  0x000002406b06c510 JavaThread "ForkJoinPool-1-worker-4"    daemon [_thread_blocked, id=15664, stack(0x0000007b76b00000,0x0000007b76c00000) (1024K)]
  0x0000024071d169f0 JavaThread "ForkJoinPool-1-worker-5"    daemon [_thread_blocked, id=8816, stack(0x0000007b76c00000,0x0000007b76d00000) (1024K)]
  0x00000240666953d0 JavaThread "ForkJoinPool-1-worker-6"    daemon [_thread_blocked, id=13308, stack(0x0000007b76d00000,0x0000007b76e00000) (1024K)]
  0x0000024071d17080 JavaThread "ForkJoinPool-1-worker-7"    daemon [_thread_blocked, id=27068, stack(0x0000007b76e00000,0x0000007b76f00000) (1024K)]
  0x0000024072c8eb30 JavaThread "ForkJoinPool-1-worker-8"    daemon [_thread_blocked, id=14860, stack(0x0000007b76f00000,0x0000007b77000000) (1024K)]
  0x0000024072c90570 JavaThread "ForkJoinPool-1-worker-9"    daemon [_thread_blocked, id=21608, stack(0x0000007b77000000,0x0000007b77100000) (1024K)]
  0x000002407011e6a0 JavaThread "ForkJoinPool-1-worker-10"   daemon [_thread_blocked, id=15692, stack(0x0000007b77100000,0x0000007b77200000) (1024K)]
  0x00000240711107c0 JavaThread "ForkJoinPool-1-worker-11"   daemon [_thread_blocked, id=13428, stack(0x0000007b77200000,0x0000007b77300000) (1024K)]
  0x000002406bb180a0 JavaThread "ForkJoinPool-1-worker-12"   daemon [_thread_blocked, id=15740, stack(0x0000007b77300000,0x0000007b77400000) (1024K)]
  0x000002407011d2f0 JavaThread "Unconstrained build operations Thread 96"        [_thread_blocked, id=16504, stack(0x0000007b77400000,0x0000007b77500000) (1024K)]
  0x000002407011ed30 JavaThread "Unconstrained build operations Thread 97"        [_thread_blocked, id=16120, stack(0x0000007b77500000,0x0000007b77600000) (1024K)]
  0x000002407011cc60 JavaThread "Unconstrained build operations Thread 98"        [_thread_blocked, id=16456, stack(0x0000007b77600000,0x0000007b77700000) (1024K)]
  0x000002407011b8b0 JavaThread "Unconstrained build operations Thread 99"        [_thread_blocked, id=15500, stack(0x0000007b77700000,0x0000007b77800000) (1024K)]
  0x000002407011bf40 JavaThread "Unconstrained build operations Thread 100"        [_thread_blocked, id=37980, stack(0x0000007b77800000,0x0000007b77900000) (1024K)]
  0x000002407011d980 JavaThread "Unconstrained build operations Thread 101"        [_thread_blocked, id=15852, stack(0x0000007b77900000,0x0000007b77a00000) (1024K)]
  0x000002407011e010 JavaThread "Unconstrained build operations Thread 102"        [_thread_blocked, id=15356, stack(0x0000007b77a00000,0x0000007b77b00000) (1024K)]
  0x000002407011c5d0 JavaThread "Unconstrained build operations Thread 103"        [_thread_blocked, id=14712, stack(0x0000007b77b00000,0x0000007b77c00000) (1024K)]
  0x0000024071fa0760 JavaThread "Unconstrained build operations Thread 104"        [_thread_blocked, id=15624, stack(0x0000007b77c00000,0x0000007b77d00000) (1024K)]
  0x000002406be4f660 JavaThread "Unconstrained build operations Thread 105"        [_thread_blocked, id=15172, stack(0x0000007b77d00000,0x0000007b77e00000) (1024K)]
  0x000002406be4efd0 JavaThread "Unconstrained build operations Thread 106"        [_thread_blocked, id=16008, stack(0x0000007b77e00000,0x0000007b77f00000) (1024K)]
  0x00000240733603a0 JavaThread "Unconstrained build operations Thread 107"        [_thread_blocked, id=13768, stack(0x0000007b77f00000,0x0000007b78000000) (1024K)]
  0x000002405f8c26a0 JavaThread "Unconstrained build operations Thread 108"        [_thread_blocked, id=15112, stack(0x0000007b78000000,0x0000007b78100000) (1024K)]
  0x000002405f8c1980 JavaThread "Unconstrained build operations Thread 109"        [_thread_blocked, id=14544, stack(0x0000007b78100000,0x0000007b78200000) (1024K)]
  0x000002405f8c33c0 JavaThread "Unconstrained build operations Thread 110"        [_thread_blocked, id=16484, stack(0x0000007b78200000,0x0000007b78300000) (1024K)]
  0x000002405f8c3a50 JavaThread "Unconstrained build operations Thread 111"        [_thread_blocked, id=14244, stack(0x0000007b78300000,0x0000007b78400000) (1024K)]
  0x000002405f8c40e0 JavaThread "Unconstrained build operations Thread 112"        [_thread_blocked, id=10196, stack(0x0000007b78400000,0x0000007b78500000) (1024K)]
  0x000002405f8c12f0 JavaThread "Unconstrained build operations Thread 113"        [_thread_blocked, id=18152, stack(0x0000007b78500000,0x0000007b78600000) (1024K)]
  0x000002405f8c0c60 JavaThread "Unconstrained build operations Thread 114"        [_thread_blocked, id=17132, stack(0x0000007b78600000,0x0000007b78700000) (1024K)]
  0x000002405f8c2010 JavaThread "Unconstrained build operations Thread 115"        [_thread_blocked, id=15216, stack(0x0000007b78700000,0x0000007b78800000) (1024K)]
  0x0000024071547a60 JavaThread "Unconstrained build operations Thread 116"        [_thread_blocked, id=9372, stack(0x0000007b78800000,0x0000007b78900000) (1024K)]
  0x0000024071544c70 JavaThread "Unconstrained build operations Thread 117"        [_thread_blocked, id=15744, stack(0x0000007b78900000,0x0000007b78a00000) (1024K)]
  0x00000240715473d0 JavaThread "Unconstrained build operations Thread 118"        [_thread_blocked, id=15648, stack(0x0000007b78a00000,0x0000007b78b00000) (1024K)]
Total: 216

Other Threads:
=>0x000002405f5fe320 VMThread "VM Thread"                           [id=16772, stack(0x0000007b6ab00000,0x0000007b6ac00000) (1024K)]
  0x000002405f6819e0 WatcherThread "VM Periodic Task Thread"        [id=16792, stack(0x0000007b6aa00000,0x0000007b6ab00000) (1024K)]
  0x0000024045cf19d0 WorkerThread "GC Thread#0"                     [id=16744, stack(0x0000007b6a500000,0x0000007b6a600000) (1024K)]
  0x00000240642f3eb0 WorkerThread "GC Thread#1"                     [id=16888, stack(0x0000007b6b700000,0x0000007b6b800000) (1024K)]
  0x00000240642f4250 WorkerThread "GC Thread#2"                     [id=15840, stack(0x0000007b6b800000,0x0000007b6b900000) (1024K)]
  0x00000240642f45f0 WorkerThread "GC Thread#3"                     [id=15100, stack(0x0000007b6b900000,0x0000007b6ba00000) (1024K)]
  0x00000240642f4990 WorkerThread "GC Thread#4"                     [id=15076, stack(0x0000007b6ba00000,0x0000007b6bb00000) (1024K)]
  0x00000240660508f0 WorkerThread "GC Thread#5"                     [id=15908, stack(0x0000007b6c200000,0x0000007b6c300000) (1024K)]
  0x0000024065f39bc0 WorkerThread "GC Thread#6"                     [id=15836, stack(0x0000007b6c300000,0x0000007b6c400000) (1024K)]
  0x0000024065f39f60 WorkerThread "GC Thread#7"                     [id=15864, stack(0x0000007b6c400000,0x0000007b6c500000) (1024K)]
  0x0000024065f3a300 WorkerThread "GC Thread#8"                     [id=16988, stack(0x0000007b6c500000,0x0000007b6c600000) (1024K)]
  0x0000024065f389a0 WorkerThread "GC Thread#9"                     [id=15120, stack(0x0000007b6c600000,0x0000007b6c700000) (1024K)]
  0x0000024045d03700 ConcurrentGCThread "G1 Main Marker"            [id=15072, stack(0x0000007b6a600000,0x0000007b6a700000) (1024K)]
  0x0000024045d04110 WorkerThread "G1 Conc#0"                       [id=16820, stack(0x0000007b6a700000,0x0000007b6a800000) (1024K)]
  0x0000024065f38d40 WorkerThread "G1 Conc#1"                       [id=15148, stack(0x0000007b6c900000,0x0000007b6ca00000) (1024K)]
  0x0000024065f390e0 WorkerThread "G1 Conc#2"                       [id=17032, stack(0x0000007b6ca00000,0x0000007b6cb00000) (1024K)]
  0x000002405f4d16a0 ConcurrentGCThread "G1 Refine#0"               [id=16816, stack(0x0000007b6a800000,0x0000007b6a900000) (1024K)]
  0x000002405f4d2020 ConcurrentGCThread "G1 Service"                [id=16796, stack(0x0000007b6a900000,0x0000007b6aa00000) (1024K)]
Total: 18

Threads with active compile tasks:
C2 CompilerThread0  417203 31722       4       com.android.tools.r8.internal.ee0::a (3327 bytes)
C2 CompilerThread1  417203 32342       4       com.android.utils.XmlUtils::toXmlAttributeValue (89 bytes)
C2 CompilerThread2  417203 32320 %     4       com.android.tools.r8.dex.y::a @ 293 (1018 bytes)
Total: 3

VM state: at safepoint (normal execution)

VM Mutex/Monitor currently owned by a thread:  ([mutex/lock_event])
[0x00007ff809e08690] Threads_lock - owner thread: 0x000002405f5fe320
[0x00007ff809e08790] Heap_lock - owner thread: 0x00000240666953d0

Heap address: 0x0000000080000000, size: 2048 MB, Compressed Oops mode: 32-bit

CDS archive(s) not mapped
Compressed class space mapped at: 0x0000000100000000-0x0000000140000000, reserved size: 1073741824
Narrow klass base: 0x0000000000000000, Narrow klass shift: 3, Narrow klass range: 0x140000000

GC Precious Log:
 CardTable entry size: 512
 Card Set container configuration: InlinePtr #cards 5 size 8 Array Of Cards #cards 12 size 40 Howl #buckets 4 coarsen threshold 1843 Howl Bitmap #cards 512 size 80 coarsen threshold 460 Card regions per heap region 1 cards per card region 2048
 CPUs: 12 total, 12 available
 Memory: 15676M
 Large Page Support: Disabled
 NUMA Support: Disabled
 Compressed Oops: Enabled (32-bit)
 Heap Region Size: 1M
 Heap Min Capacity: 8M
 Heap Initial Capacity: 246M
 Heap Max Capacity: 2G
 Pre-touch: Disabled
 Parallel Workers: 10
 Concurrent Workers: 3
 Concurrent Refinement Workers: 10
 Periodic GC: Disabled

Heap:
 garbage-first heap   total 655360K, used 386560K [0x0000000080000000, 0x0000000100000000)
  region size 1024K, 35 young (35840K), 35 survivors (35840K)
 Metaspace       used 178028K, committed 180672K, reserved 1245184K
  class space    used 24864K, committed 26176K, reserved 1048576K

Heap Regions: E=young(eden), S=young(survivor), O=old, HS=humongous(starts), HC=humongous(continues), CS=collection set, F=free, TAMS=top-at-mark-start, PB=parsable bottom
|   0|0x0000000080000000, 0x0000000080100000, 0x0000000080100000|100%|HS|  |TAMS 0x0000000080100000| PB 0x0000000080000000| Complete 
|   1|0x0000000080100000, 0x0000000080200000, 0x0000000080200000|100%|HC|  |TAMS 0x0000000080200000| PB 0x0000000080100000| Complete 
|   2|0x0000000080200000, 0x0000000080300000, 0x0000000080300000|100%|HC|  |TAMS 0x0000000080300000| PB 0x0000000080200000| Complete 
|   3|0x0000000080300000, 0x0000000080400000, 0x0000000080400000|100%|HC|  |TAMS 0x0000000080400000| PB 0x0000000080300000| Complete 
|   4|0x0000000080400000, 0x0000000080500000, 0x0000000080500000|100%| O|  |TAMS 0x0000000080500000| PB 0x0000000080400000| Untracked 
|   5|0x0000000080500000, 0x0000000080600000, 0x0000000080600000|100%| O|  |TAMS 0x0000000080600000| PB 0x0000000080500000| Untracked 
|   6|0x0000000080600000, 0x0000000080700000, 0x0000000080700000|100%|HS|  |TAMS 0x0000000080700000| PB 0x0000000080600000| Complete 
|   7|0x0000000080700000, 0x0000000080800000, 0x0000000080800000|100%| O|  |TAMS 0x0000000080800000| PB 0x0000000080700000| Untracked 
|   8|0x0000000080800000, 0x0000000080900000, 0x0000000080900000|100%| O|  |TAMS 0x0000000080900000| PB 0x0000000080800000| Untracked 
|   9|0x0000000080900000, 0x0000000080a00000, 0x0000000080a00000|100%| O|  |TAMS 0x0000000080a00000| PB 0x0000000080900000| Untracked 
|  10|0x0000000080a00000, 0x0000000080b00000, 0x0000000080b00000|100%| O|  |TAMS 0x0000000080b00000| PB 0x0000000080a00000| Untracked 
|  11|0x0000000080b00000, 0x0000000080c00000, 0x0000000080c00000|100%| O|  |TAMS 0x0000000080c00000| PB 0x0000000080b00000| Untracked 
|  12|0x0000000080c00000, 0x0000000080d00000, 0x0000000080d00000|100%| O|  |TAMS 0x0000000080d00000| PB 0x0000000080c00000| Untracked 
|  13|0x0000000080d00000, 0x0000000080e00000, 0x0000000080e00000|100%| O|  |TAMS 0x0000000080e00000| PB 0x0000000080d00000| Untracked 
|  14|0x0000000080e00000, 0x0000000080f00000, 0x0000000080f00000|100%| O|  |TAMS 0x0000000080f00000| PB 0x0000000080e00000| Untracked 
|  15|0x0000000080f00000, 0x0000000081000000, 0x0000000081000000|100%| O|  |TAMS 0x0000000081000000| PB 0x0000000080f00000| Untracked 
|  16|0x0000000081000000, 0x0000000081100000, 0x0000000081100000|100%| O|  |TAMS 0x0000000081100000| PB 0x0000000081000000| Untracked 
|  17|0x0000000081100000, 0x0000000081200000, 0x0000000081200000|100%| O|  |TAMS 0x0000000081200000| PB 0x0000000081100000| Untracked 
|  18|0x0000000081200000, 0x0000000081300000, 0x0000000081300000|100%| O|  |TAMS 0x0000000081300000| PB 0x0000000081200000| Untracked 
|  19|0x0000000081300000, 0x0000000081400000, 0x0000000081400000|100%| O|  |TAMS 0x0000000081400000| PB 0x0000000081300000| Untracked 
|  20|0x0000000081400000, 0x0000000081500000, 0x0000000081500000|100%| O|  |TAMS 0x0000000081500000| PB 0x0000000081400000| Untracked 
|  21|0x0000000081500000, 0x0000000081600000, 0x0000000081600000|100%| O|  |TAMS 0x0000000081600000| PB 0x0000000081500000| Untracked 
|  22|0x0000000081600000, 0x0000000081700000, 0x0000000081700000|100%| O|  |TAMS 0x0000000081700000| PB 0x0000000081600000| Untracked 
|  23|0x0000000081700000, 0x0000000081800000, 0x0000000081800000|100%| O|  |TAMS 0x0000000081800000| PB 0x0000000081700000| Untracked 
|  24|0x0000000081800000, 0x0000000081900000, 0x0000000081900000|100%| O|  |TAMS 0x0000000081900000| PB 0x0000000081800000| Untracked 
|  25|0x0000000081900000, 0x0000000081a00000, 0x0000000081a00000|100%| O|  |TAMS 0x0000000081a00000| PB 0x0000000081900000| Untracked 
|  26|0x0000000081a00000, 0x0000000081b00000, 0x0000000081b00000|100%| O|  |TAMS 0x0000000081b00000| PB 0x0000000081a00000| Untracked 
|  27|0x0000000081b00000, 0x0000000081c00000, 0x0000000081c00000|100%| O|  |TAMS 0x0000000081c00000| PB 0x0000000081b00000| Untracked 
|  28|0x0000000081c00000, 0x0000000081d00000, 0x0000000081d00000|100%| O|  |TAMS 0x0000000081d00000| PB 0x0000000081c00000| Untracked 
|  29|0x0000000081d00000, 0x0000000081e00000, 0x0000000081e00000|100%| O|  |TAMS 0x0000000081e00000| PB 0x0000000081d00000| Untracked 
|  30|0x0000000081e00000, 0x0000000081f00000, 0x0000000081f00000|100%| O|  |TAMS 0x0000000081f00000| PB 0x0000000081e00000| Untracked 
|  31|0x0000000081f00000, 0x0000000082000000, 0x0000000082000000|100%| O|  |TAMS 0x0000000082000000| PB 0x0000000081f00000| Untracked 
|  32|0x0000000082000000, 0x0000000082100000, 0x0000000082100000|100%| O|  |TAMS 0x0000000082100000| PB 0x0000000082000000| Untracked 
|  33|0x0000000082100000, 0x0000000082200000, 0x0000000082200000|100%| O|  |TAMS 0x0000000082200000| PB 0x0000000082100000| Untracked 
|  34|0x0000000082200000, 0x0000000082300000, 0x0000000082300000|100%|HS|  |TAMS 0x0000000082300000| PB 0x0000000082200000| Complete 
|  35|0x0000000082300000, 0x0000000082400000, 0x0000000082400000|100%|HC|  |TAMS 0x0000000082400000| PB 0x0000000082300000| Complete 
|  36|0x0000000082400000, 0x0000000082500000, 0x0000000082500000|100%| O|  |TAMS 0x0000000082500000| PB 0x0000000082400000| Untracked 
|  37|0x0000000082500000, 0x0000000082600000, 0x0000000082600000|100%| O|  |TAMS 0x0000000082600000| PB 0x0000000082500000| Untracked 
|  38|0x0000000082600000, 0x0000000082700000, 0x0000000082700000|100%| O|  |TAMS 0x0000000082700000| PB 0x0000000082600000| Untracked 
|  39|0x0000000082700000, 0x0000000082800000, 0x0000000082800000|100%| O|  |TAMS 0x0000000082800000| PB 0x0000000082700000| Untracked 
|  40|0x0000000082800000, 0x0000000082900000, 0x0000000082900000|100%| O|  |TAMS 0x0000000082900000| PB 0x0000000082800000| Untracked 
|  41|0x0000000082900000, 0x0000000082a00000, 0x0000000082a00000|100%| O|  |TAMS 0x0000000082a00000| PB 0x0000000082900000| Untracked 
|  42|0x0000000082a00000, 0x0000000082b00000, 0x0000000082b00000|100%| O|  |TAMS 0x0000000082b00000| PB 0x0000000082a00000| Untracked 
|  43|0x0000000082b00000, 0x0000000082c00000, 0x0000000082c00000|100%| O|  |TAMS 0x0000000082c00000| PB 0x0000000082b00000| Untracked 
|  44|0x0000000082c00000, 0x0000000082d00000, 0x0000000082d00000|100%| O|  |TAMS 0x0000000082d00000| PB 0x0000000082c00000| Untracked 
|  45|0x0000000082d00000, 0x0000000082e00000, 0x0000000082e00000|100%| O|  |TAMS 0x0000000082e00000| PB 0x0000000082d00000| Untracked 
|  46|0x0000000082e00000, 0x0000000082f00000, 0x0000000082f00000|100%| O|  |TAMS 0x0000000082f00000| PB 0x0000000082e00000| Untracked 
|  47|0x0000000082f00000, 0x0000000083000000, 0x0000000083000000|100%|HS|  |TAMS 0x0000000083000000| PB 0x0000000082f00000| Complete 
|  48|0x0000000083000000, 0x0000000083100000, 0x0000000083100000|100%| O|  |TAMS 0x0000000083100000| PB 0x0000000083000000| Untracked 
|  49|0x0000000083100000, 0x0000000083200000, 0x0000000083200000|100%| O|  |TAMS 0x0000000083200000| PB 0x0000000083100000| Untracked 
|  50|0x0000000083200000, 0x0000000083300000, 0x0000000083300000|100%| O|  |TAMS 0x0000000083300000| PB 0x0000000083200000| Untracked 
|  51|0x0000000083300000, 0x0000000083400000, 0x0000000083400000|100%| O|  |TAMS 0x0000000083400000| PB 0x0000000083300000| Untracked 
|  52|0x0000000083400000, 0x0000000083500000, 0x0000000083500000|100%|HS|  |TAMS 0x0000000083500000| PB 0x0000000083400000| Complete 
|  53|0x0000000083500000, 0x0000000083600000, 0x0000000083600000|100%|HS|  |TAMS 0x0000000083600000| PB 0x0000000083500000| Complete 
|  54|0x0000000083600000, 0x0000000083700000, 0x0000000083700000|100%|HS|  |TAMS 0x0000000083700000| PB 0x0000000083600000| Complete 
|  55|0x0000000083700000, 0x0000000083800000, 0x0000000083800000|100%|HC|  |TAMS 0x0000000083800000| PB 0x0000000083700000| Complete 
|  56|0x0000000083800000, 0x0000000083900000, 0x0000000083900000|100%|HS|  |TAMS 0x0000000083900000| PB 0x0000000083800000| Complete 
|  57|0x0000000083900000, 0x0000000083a00000, 0x0000000083a00000|100%|HS|  |TAMS 0x0000000083a00000| PB 0x0000000083900000| Complete 
|  58|0x0000000083a00000, 0x0000000083b00000, 0x0000000083b00000|100%| O|  |TAMS 0x0000000083b00000| PB 0x0000000083a00000| Untracked 
|  59|0x0000000083b00000, 0x0000000083c00000, 0x0000000083c00000|100%| O|  |TAMS 0x0000000083c00000| PB 0x0000000083b00000| Untracked 
|  60|0x0000000083c00000, 0x0000000083d00000, 0x0000000083d00000|100%| O|  |TAMS 0x0000000083d00000| PB 0x0000000083c00000| Untracked 
|  61|0x0000000083d00000, 0x0000000083e00000, 0x0000000083e00000|100%| O|  |TAMS 0x0000000083e00000| PB 0x0000000083d00000| Untracked 
|  62|0x0000000083e00000, 0x0000000083f00000, 0x0000000083f00000|100%| O|  |TAMS 0x0000000083f00000| PB 0x0000000083e00000| Untracked 
|  63|0x0000000083f00000, 0x0000000084000000, 0x0000000084000000|100%| O|  |TAMS 0x0000000084000000| PB 0x0000000083f00000| Untracked 
|  64|0x0000000084000000, 0x0000000084100000, 0x0000000084100000|100%|HS|  |TAMS 0x0000000084100000| PB 0x0000000084000000| Complete 
|  65|0x0000000084100000, 0x0000000084200000, 0x0000000084200000|100%| O|  |TAMS 0x0000000084200000| PB 0x0000000084100000| Untracked 
|  66|0x0000000084200000, 0x0000000084300000, 0x0000000084300000|100%| O|  |TAMS 0x0000000084300000| PB 0x0000000084200000| Untracked 
|  67|0x0000000084300000, 0x0000000084400000, 0x0000000084400000|100%| O|  |TAMS 0x0000000084400000| PB 0x0000000084300000| Untracked 
|  68|0x0000000084400000, 0x0000000084500000, 0x0000000084500000|100%| O|  |TAMS 0x0000000084500000| PB 0x0000000084400000| Untracked 
|  69|0x0000000084500000, 0x0000000084600000, 0x0000000084600000|100%| O|  |TAMS 0x0000000084600000| PB 0x0000000084500000| Untracked 
|  70|0x0000000084600000, 0x0000000084700000, 0x0000000084700000|100%|HS|  |TAMS 0x0000000084700000| PB 0x0000000084600000| Complete 
|  71|0x0000000084700000, 0x0000000084800000, 0x0000000084800000|100%|HC|  |TAMS 0x0000000084800000| PB 0x0000000084700000| Complete 
|  72|0x0000000084800000, 0x0000000084900000, 0x0000000084900000|100%| O|  |TAMS 0x0000000084900000| PB 0x0000000084800000| Untracked 
|  73|0x0000000084900000, 0x0000000084a00000, 0x0000000084a00000|100%| O|  |TAMS 0x0000000084a00000| PB 0x0000000084900000| Untracked 
|  74|0x0000000084a00000, 0x0000000084b00000, 0x0000000084b00000|100%| O|  |TAMS 0x0000000084b00000| PB 0x0000000084a00000| Untracked 
|  75|0x0000000084b00000, 0x0000000084c00000, 0x0000000084c00000|100%|HS|  |TAMS 0x0000000084c00000| PB 0x0000000084b00000| Complete 
|  76|0x0000000084c00000, 0x0000000084d00000, 0x0000000084d00000|100%| O|  |TAMS 0x0000000084d00000| PB 0x0000000084c00000| Untracked 
|  77|0x0000000084d00000, 0x0000000084e00000, 0x0000000084e00000|100%| O|  |TAMS 0x0000000084e00000| PB 0x0000000084d00000| Untracked 
|  78|0x0000000084e00000, 0x0000000084f00000, 0x0000000084f00000|100%| O|  |TAMS 0x0000000084f00000| PB 0x0000000084e00000| Untracked 
|  79|0x0000000084f00000, 0x0000000085000000, 0x0000000085000000|100%| O|  |TAMS 0x0000000085000000| PB 0x0000000084f00000| Untracked 
|  80|0x0000000085000000, 0x0000000085100000, 0x0000000085100000|100%| O|  |TAMS 0x0000000085100000| PB 0x0000000085000000| Untracked 
|  81|0x0000000085100000, 0x0000000085200000, 0x0000000085200000|100%| O|  |TAMS 0x0000000085200000| PB 0x0000000085100000| Untracked 
|  82|0x0000000085200000, 0x0000000085300000, 0x0000000085300000|100%| O|  |TAMS 0x0000000085300000| PB 0x0000000085200000| Untracked 
|  83|0x0000000085300000, 0x0000000085400000, 0x0000000085400000|100%| O|  |TAMS 0x0000000085400000| PB 0x0000000085300000| Untracked 
|  84|0x0000000085400000, 0x0000000085500000, 0x0000000085500000|100%| O|  |TAMS 0x0000000085500000| PB 0x0000000085400000| Untracked 
|  85|0x0000000085500000, 0x0000000085600000, 0x0000000085600000|100%| O|  |TAMS 0x0000000085600000| PB 0x0000000085500000| Untracked 
|  86|0x0000000085600000, 0x0000000085700000, 0x0000000085700000|100%| O|  |TAMS 0x0000000085700000| PB 0x0000000085600000| Untracked 
|  87|0x0000000085700000, 0x0000000085800000, 0x0000000085800000|100%| O|  |TAMS 0x0000000085800000| PB 0x0000000085700000| Untracked 
|  88|0x0000000085800000, 0x0000000085900000, 0x0000000085900000|100%| O|  |TAMS 0x0000000085900000| PB 0x0000000085800000| Untracked 
|  89|0x0000000085900000, 0x0000000085a00000, 0x0000000085a00000|100%| O|  |TAMS 0x0000000085a00000| PB 0x0000000085900000| Untracked 
|  90|0x0000000085a00000, 0x0000000085b00000, 0x0000000085b00000|100%| O|  |TAMS 0x0000000085b00000| PB 0x0000000085a00000| Untracked 
|  91|0x0000000085b00000, 0x0000000085c00000, 0x0000000085c00000|100%| O|  |TAMS 0x0000000085c00000| PB 0x0000000085b00000| Untracked 
|  92|0x0000000085c00000, 0x0000000085d00000, 0x0000000085d00000|100%| O|  |TAMS 0x0000000085d00000| PB 0x0000000085c00000| Untracked 
|  93|0x0000000085d00000, 0x0000000085e00000, 0x0000000085e00000|100%| O|  |TAMS 0x0000000085e00000| PB 0x0000000085d00000| Untracked 
|  94|0x0000000085e00000, 0x0000000085f00000, 0x0000000085f00000|100%| O|  |TAMS 0x0000000085f00000| PB 0x0000000085e00000| Untracked 
|  95|0x0000000085f00000, 0x0000000086000000, 0x0000000086000000|100%| O|  |TAMS 0x0000000086000000| PB 0x0000000085f00000| Untracked 
|  96|0x0000000086000000, 0x0000000086100000, 0x0000000086100000|100%| O|  |TAMS 0x0000000086100000| PB 0x0000000086000000| Untracked 
|  97|0x0000000086100000, 0x0000000086200000, 0x0000000086200000|100%| O|  |TAMS 0x0000000086200000| PB 0x0000000086100000| Untracked 
|  98|0x0000000086200000, 0x0000000086300000, 0x0000000086300000|100%| O|  |TAMS 0x0000000086300000| PB 0x0000000086200000| Untracked 
|  99|0x0000000086300000, 0x0000000086400000, 0x0000000086400000|100%| O|  |TAMS 0x0000000086400000| PB 0x0000000086300000| Untracked 
| 100|0x0000000086400000, 0x0000000086500000, 0x0000000086500000|100%| O|  |TAMS 0x0000000086400000| PB 0x0000000086400000| Untracked 
| 101|0x0000000086500000, 0x0000000086600000, 0x0000000086600000|100%| O|  |TAMS 0x0000000086600000| PB 0x0000000086500000| Untracked 
| 102|0x0000000086600000, 0x0000000086700000, 0x0000000086700000|100%| O|  |TAMS 0x0000000086700000| PB 0x0000000086600000| Untracked 
| 103|0x0000000086700000, 0x0000000086800000, 0x0000000086800000|100%| O|  |TAMS 0x0000000086800000| PB 0x0000000086700000| Untracked 
| 104|0x0000000086800000, 0x0000000086900000, 0x0000000086900000|100%| O|  |TAMS 0x0000000086900000| PB 0x0000000086800000| Untracked 
| 105|0x0000000086900000, 0x0000000086a00000, 0x0000000086a00000|100%| O|  |TAMS 0x0000000086a00000| PB 0x0000000086900000| Untracked 
| 106|0x0000000086a00000, 0x0000000086b00000, 0x0000000086b00000|100%| O|  |TAMS 0x0000000086b00000| PB 0x0000000086a00000| Untracked 
| 107|0x0000000086b00000, 0x0000000086c00000, 0x0000000086c00000|100%| O|  |TAMS 0x0000000086c00000| PB 0x0000000086b00000| Untracked 
| 108|0x0000000086c00000, 0x0000000086d00000, 0x0000000086d00000|100%| O|  |TAMS 0x0000000086d00000| PB 0x0000000086c00000| Untracked 
| 109|0x0000000086d00000, 0x0000000086e00000, 0x0000000086e00000|100%| O|  |TAMS 0x0000000086e00000| PB 0x0000000086d00000| Untracked 
| 110|0x0000000086e00000, 0x0000000086f00000, 0x0000000086f00000|100%| O|  |TAMS 0x0000000086f00000| PB 0x0000000086e00000| Untracked 
| 111|0x0000000086f00000, 0x0000000087000000, 0x0000000087000000|100%| O|  |TAMS 0x0000000086f00000| PB 0x0000000086f00000| Untracked 
| 112|0x0000000087000000, 0x0000000087100000, 0x0000000087100000|100%| O|  |TAMS 0x0000000087100000| PB 0x0000000087000000| Untracked 
| 113|0x0000000087100000, 0x0000000087200000, 0x0000000087200000|100%|HS|  |TAMS 0x0000000087200000| PB 0x0000000087100000| Complete 
| 114|0x0000000087200000, 0x0000000087300000, 0x0000000087300000|100%|HS|  |TAMS 0x0000000087300000| PB 0x0000000087200000| Complete 
| 115|0x0000000087300000, 0x0000000087400000, 0x0000000087400000|100%|HC|  |TAMS 0x0000000087400000| PB 0x0000000087300000| Complete 
| 116|0x0000000087400000, 0x0000000087500000, 0x0000000087500000|100%| O|  |TAMS 0x0000000087500000| PB 0x0000000087400000| Untracked 
| 117|0x0000000087500000, 0x0000000087600000, 0x0000000087600000|100%| O|  |TAMS 0x0000000087500000| PB 0x0000000087500000| Untracked 
| 118|0x0000000087600000, 0x0000000087700000, 0x0000000087700000|100%| O|  |TAMS 0x0000000087600000| PB 0x0000000087600000| Untracked 
| 119|0x0000000087700000, 0x0000000087800000, 0x0000000087800000|100%|HS|  |TAMS 0x0000000087800000| PB 0x0000000087700000| Complete 
| 120|0x0000000087800000, 0x0000000087900000, 0x0000000087900000|100%| O|  |TAMS 0x0000000087900000| PB 0x0000000087800000| Untracked 
| 121|0x0000000087900000, 0x0000000087a00000, 0x0000000087a00000|100%|HS|  |TAMS 0x0000000087a00000| PB 0x0000000087900000| Complete 
| 122|0x0000000087a00000, 0x0000000087b00000, 0x0000000087b00000|100%|HC|  |TAMS 0x0000000087b00000| PB 0x0000000087a00000| Complete 
| 123|0x0000000087b00000, 0x0000000087c00000, 0x0000000087c00000|100%|HC|  |TAMS 0x0000000087c00000| PB 0x0000000087b00000| Complete 
| 124|0x0000000087c00000, 0x0000000087d00000, 0x0000000087d00000|100%|HC|  |TAMS 0x0000000087d00000| PB 0x0000000087c00000| Complete 
| 125|0x0000000087d00000, 0x0000000087e00000, 0x0000000087e00000|100%| O|  |TAMS 0x0000000087e00000| PB 0x0000000087d00000| Untracked 
| 126|0x0000000087e00000, 0x0000000087f00000, 0x0000000087f00000|100%| O|  |TAMS 0x0000000087f00000| PB 0x0000000087e00000| Untracked 
| 127|0x0000000087f00000, 0x0000000088000000, 0x0000000088000000|100%| O|  |TAMS 0x0000000088000000| PB 0x0000000087f00000| Untracked 
| 128|0x0000000088000000, 0x0000000088100000, 0x0000000088100000|100%| O|  |TAMS 0x0000000088100000| PB 0x0000000088000000| Untracked 
| 129|0x0000000088100000, 0x0000000088200000, 0x0000000088200000|100%| O|  |TAMS 0x0000000088200000| PB 0x0000000088100000| Untracked 
| 130|0x0000000088200000, 0x0000000088300000, 0x0000000088300000|100%| O|  |TAMS 0x0000000088300000| PB 0x0000000088200000| Untracked 
| 131|0x0000000088300000, 0x0000000088400000, 0x0000000088400000|100%| O|  |TAMS 0x0000000088400000| PB 0x0000000088300000| Untracked 
| 132|0x0000000088400000, 0x0000000088500000, 0x0000000088500000|100%| O|  |TAMS 0x0000000088500000| PB 0x0000000088400000| Untracked 
| 133|0x0000000088500000, 0x0000000088600000, 0x0000000088600000|100%| O|  |TAMS 0x0000000088600000| PB 0x0000000088500000| Untracked 
| 134|0x0000000088600000, 0x0000000088700000, 0x0000000088700000|100%| O|  |TAMS 0x0000000088700000| PB 0x0000000088600000| Untracked 
| 135|0x0000000088700000, 0x0000000088800000, 0x0000000088800000|100%| O|  |TAMS 0x0000000088800000| PB 0x0000000088700000| Untracked 
| 136|0x0000000088800000, 0x0000000088900000, 0x0000000088900000|100%| O|  |TAMS 0x0000000088900000| PB 0x0000000088800000| Untracked 
| 137|0x0000000088900000, 0x0000000088a00000, 0x0000000088a00000|100%| O|  |TAMS 0x0000000088a00000| PB 0x0000000088900000| Untracked 
| 138|0x0000000088a00000, 0x0000000088b00000, 0x0000000088b00000|100%| O|  |TAMS 0x0000000088b00000| PB 0x0000000088a00000| Untracked 
| 139|0x0000000088b00000, 0x0000000088c00000, 0x0000000088c00000|100%| O|  |TAMS 0x0000000088c00000| PB 0x0000000088b00000| Untracked 
| 140|0x0000000088c00000, 0x0000000088d00000, 0x0000000088d00000|100%| O|  |TAMS 0x0000000088d00000| PB 0x0000000088c00000| Untracked 
| 141|0x0000000088d00000, 0x0000000088e00000, 0x0000000088e00000|100%| O|  |TAMS 0x0000000088e00000| PB 0x0000000088d00000| Untracked 
| 142|0x0000000088e00000, 0x0000000088f00000, 0x0000000088f00000|100%| O|  |TAMS 0x0000000088f00000| PB 0x0000000088e00000| Untracked 
| 143|0x0000000088f00000, 0x0000000089000000, 0x0000000089000000|100%| O|  |TAMS 0x0000000089000000| PB 0x0000000088f00000| Untracked 
| 144|0x0000000089000000, 0x0000000089100000, 0x0000000089100000|100%| O|  |TAMS 0x0000000089100000| PB 0x0000000089000000| Untracked 
| 145|0x0000000089100000, 0x0000000089200000, 0x0000000089200000|100%| O|  |TAMS 0x0000000089200000| PB 0x0000000089100000| Untracked 
| 146|0x0000000089200000, 0x0000000089300000, 0x0000000089300000|100%| O|  |TAMS 0x0000000089300000| PB 0x0000000089200000| Untracked 
| 147|0x0000000089300000, 0x0000000089400000, 0x0000000089400000|100%| O|  |TAMS 0x0000000089400000| PB 0x0000000089300000| Untracked 
| 148|0x0000000089400000, 0x0000000089500000, 0x0000000089500000|100%| O|  |TAMS 0x0000000089500000| PB 0x0000000089400000| Untracked 
| 149|0x0000000089500000, 0x0000000089600000, 0x0000000089600000|100%| O|  |TAMS 0x0000000089600000| PB 0x0000000089500000| Untracked 
| 150|0x0000000089600000, 0x0000000089700000, 0x0000000089700000|100%| O|  |TAMS 0x0000000089700000| PB 0x0000000089600000| Untracked 
| 151|0x0000000089700000, 0x0000000089800000, 0x0000000089800000|100%| O|  |TAMS 0x0000000089800000| PB 0x0000000089700000| Untracked 
| 152|0x0000000089800000, 0x0000000089900000, 0x0000000089900000|100%| O|  |TAMS 0x0000000089900000| PB 0x0000000089800000| Untracked 
| 153|0x0000000089900000, 0x0000000089a00000, 0x0000000089a00000|100%| O|  |TAMS 0x0000000089a00000| PB 0x0000000089900000| Untracked 
| 154|0x0000000089a00000, 0x0000000089b00000, 0x0000000089b00000|100%| O|  |TAMS 0x0000000089b00000| PB 0x0000000089a00000| Untracked 
| 155|0x0000000089b00000, 0x0000000089c00000, 0x0000000089c00000|100%|HS|  |TAMS 0x0000000089c00000| PB 0x0000000089b00000| Complete 
| 156|0x0000000089c00000, 0x0000000089d00000, 0x0000000089d00000|100%|HC|  |TAMS 0x0000000089d00000| PB 0x0000000089c00000| Complete 
| 157|0x0000000089d00000, 0x0000000089e00000, 0x0000000089e00000|100%| O|  |TAMS 0x0000000089e00000| PB 0x0000000089d00000| Untracked 
| 158|0x0000000089e00000, 0x0000000089f00000, 0x0000000089f00000|100%| O|  |TAMS 0x0000000089f00000| PB 0x0000000089e00000| Untracked 
| 159|0x0000000089f00000, 0x000000008a000000, 0x000000008a000000|100%| O|  |TAMS 0x000000008a000000| PB 0x0000000089f00000| Untracked 
| 160|0x000000008a000000, 0x000000008a100000, 0x000000008a100000|100%| O|  |TAMS 0x000000008a100000| PB 0x000000008a000000| Untracked 
| 161|0x000000008a100000, 0x000000008a200000, 0x000000008a200000|100%| O|  |TAMS 0x000000008a200000| PB 0x000000008a100000| Untracked 
| 162|0x000000008a200000, 0x000000008a300000, 0x000000008a300000|100%| O|  |TAMS 0x000000008a300000| PB 0x000000008a200000| Untracked 
| 163|0x000000008a300000, 0x000000008a400000, 0x000000008a400000|100%| O|  |TAMS 0x000000008a400000| PB 0x000000008a300000| Untracked 
| 164|0x000000008a400000, 0x000000008a500000, 0x000000008a500000|100%| O|  |TAMS 0x000000008a500000| PB 0x000000008a400000| Untracked 
| 165|0x000000008a500000, 0x000000008a600000, 0x000000008a600000|100%| O|  |TAMS 0x000000008a500000| PB 0x000000008a500000| Untracked 
| 166|0x000000008a600000, 0x000000008a700000, 0x000000008a700000|100%| O|  |TAMS 0x000000008a700000| PB 0x000000008a600000| Untracked 
| 167|0x000000008a700000, 0x000000008a800000, 0x000000008a800000|100%| O|  |TAMS 0x000000008a800000| PB 0x000000008a700000| Untracked 
| 168|0x000000008a800000, 0x000000008a900000, 0x000000008a900000|100%| O|  |TAMS 0x000000008a900000| PB 0x000000008a800000| Untracked 
| 169|0x000000008a900000, 0x000000008aa00000, 0x000000008aa00000|100%| O|  |TAMS 0x000000008aa00000| PB 0x000000008a900000| Untracked 
| 170|0x000000008aa00000, 0x000000008ab00000, 0x000000008ab00000|100%| O|  |TAMS 0x000000008ab00000| PB 0x000000008aa00000| Untracked 
| 171|0x000000008ab00000, 0x000000008ac00000, 0x000000008ac00000|100%| O|  |TAMS 0x000000008ac00000| PB 0x000000008ab00000| Untracked 
| 172|0x000000008ac00000, 0x000000008ad00000, 0x000000008ad00000|100%| O|  |TAMS 0x000000008ad00000| PB 0x000000008ac00000| Untracked 
| 173|0x000000008ad00000, 0x000000008ae00000, 0x000000008ae00000|100%| O|  |TAMS 0x000000008ae00000| PB 0x000000008ad00000| Untracked 
| 174|0x000000008ae00000, 0x000000008af00000, 0x000000008af00000|100%| O|  |TAMS 0x000000008af00000| PB 0x000000008ae00000| Untracked 
| 175|0x000000008af00000, 0x000000008b000000, 0x000000008b000000|100%| O|  |TAMS 0x000000008b000000| PB 0x000000008af00000| Untracked 
| 176|0x000000008b000000, 0x000000008b100000, 0x000000008b100000|100%| O|  |TAMS 0x000000008b100000| PB 0x000000008b000000| Untracked 
| 177|0x000000008b100000, 0x000000008b200000, 0x000000008b200000|100%| O|  |TAMS 0x000000008b200000| PB 0x000000008b100000| Untracked 
| 178|0x000000008b200000, 0x000000008b300000, 0x000000008b300000|100%| O|  |TAMS 0x000000008b300000| PB 0x000000008b200000| Untracked 
| 179|0x000000008b300000, 0x000000008b400000, 0x000000008b400000|100%| O|  |TAMS 0x000000008b400000| PB 0x000000008b300000| Untracked 
| 180|0x000000008b400000, 0x000000008b500000, 0x000000008b500000|100%| O|  |TAMS 0x000000008b500000| PB 0x000000008b400000| Untracked 
| 181|0x000000008b500000, 0x000000008b600000, 0x000000008b600000|100%| O|  |TAMS 0x000000008b600000| PB 0x000000008b500000| Untracked 
| 182|0x000000008b600000, 0x000000008b700000, 0x000000008b700000|100%| O|  |TAMS 0x000000008b700000| PB 0x000000008b600000| Untracked 
| 183|0x000000008b700000, 0x000000008b800000, 0x000000008b800000|100%| O|  |TAMS 0x000000008b800000| PB 0x000000008b700000| Untracked 
| 184|0x000000008b800000, 0x000000008b900000, 0x000000008b900000|100%| O|  |TAMS 0x000000008b900000| PB 0x000000008b800000| Untracked 
| 185|0x000000008b900000, 0x000000008ba00000, 0x000000008ba00000|100%| O|  |TAMS 0x000000008ba00000| PB 0x000000008b900000| Untracked 
| 186|0x000000008ba00000, 0x000000008bb00000, 0x000000008bb00000|100%| O|  |TAMS 0x000000008bb00000| PB 0x000000008ba00000| Untracked 
| 187|0x000000008bb00000, 0x000000008bc00000, 0x000000008bc00000|100%| O|  |TAMS 0x000000008bc00000| PB 0x000000008bb00000| Untracked 
| 188|0x000000008bc00000, 0x000000008bd00000, 0x000000008bd00000|100%| O|  |TAMS 0x000000008bd00000| PB 0x000000008bc00000| Untracked 
| 189|0x000000008bd00000, 0x000000008be00000, 0x000000008be00000|100%| O|  |TAMS 0x000000008be00000| PB 0x000000008bd00000| Untracked 
| 190|0x000000008be00000, 0x000000008bf00000, 0x000000008bf00000|100%| O|  |TAMS 0x000000008bf00000| PB 0x000000008be00000| Untracked 
| 191|0x000000008bf00000, 0x000000008c000000, 0x000000008c000000|100%| O|  |TAMS 0x000000008c000000| PB 0x000000008bf00000| Untracked 
| 192|0x000000008c000000, 0x000000008c100000, 0x000000008c100000|100%| O|  |TAMS 0x000000008c000000| PB 0x000000008c000000| Untracked 
| 193|0x000000008c100000, 0x000000008c200000, 0x000000008c200000|100%|HS|  |TAMS 0x000000008c200000| PB 0x000000008c100000| Complete 
| 194|0x000000008c200000, 0x000000008c300000, 0x000000008c300000|100%|HC|  |TAMS 0x000000008c300000| PB 0x000000008c200000| Complete 
| 195|0x000000008c300000, 0x000000008c400000, 0x000000008c400000|100%| O|  |TAMS 0x000000008c400000| PB 0x000000008c300000| Untracked 
| 196|0x000000008c400000, 0x000000008c500000, 0x000000008c500000|100%| O|  |TAMS 0x000000008c500000| PB 0x000000008c400000| Untracked 
| 197|0x000000008c500000, 0x000000008c600000, 0x000000008c600000|100%| O|  |TAMS 0x000000008c600000| PB 0x000000008c500000| Untracked 
| 198|0x000000008c600000, 0x000000008c700000, 0x000000008c700000|100%| O|  |TAMS 0x000000008c700000| PB 0x000000008c600000| Untracked 
| 199|0x000000008c700000, 0x000000008c800000, 0x000000008c800000|100%| O|  |TAMS 0x000000008c800000| PB 0x000000008c700000| Untracked 
| 200|0x000000008c800000, 0x000000008c900000, 0x000000008c900000|100%| O|  |TAMS 0x000000008c900000| PB 0x000000008c800000| Untracked 
| 201|0x000000008c900000, 0x000000008ca00000, 0x000000008ca00000|100%| O|  |TAMS 0x000000008ca00000| PB 0x000000008c900000| Untracked 
| 202|0x000000008ca00000, 0x000000008cb00000, 0x000000008cb00000|100%| O|  |TAMS 0x000000008cb00000| PB 0x000000008ca00000| Untracked 
| 203|0x000000008cb00000, 0x000000008cc00000, 0x000000008cc00000|100%| O|  |TAMS 0x000000008cc00000| PB 0x000000008cb00000| Untracked 
| 204|0x000000008cc00000, 0x000000008cd00000, 0x000000008cd00000|100%| O|  |TAMS 0x000000008cd00000| PB 0x000000008cc00000| Untracked 
| 205|0x000000008cd00000, 0x000000008ce00000, 0x000000008ce00000|100%| O|  |TAMS 0x000000008ce00000| PB 0x000000008cd00000| Untracked 
| 206|0x000000008ce00000, 0x000000008cf00000, 0x000000008cf00000|100%| O|  |TAMS 0x000000008cf00000| PB 0x000000008ce00000| Untracked 
| 207|0x000000008cf00000, 0x000000008d000000, 0x000000008d000000|100%| O|  |TAMS 0x000000008d000000| PB 0x000000008cf00000| Untracked 
| 208|0x000000008d000000, 0x000000008d100000, 0x000000008d100000|100%| O|  |TAMS 0x000000008d100000| PB 0x000000008d000000| Untracked 
| 209|0x000000008d100000, 0x000000008d200000, 0x000000008d200000|100%| O|  |TAMS 0x000000008d200000| PB 0x000000008d100000| Untracked 
| 210|0x000000008d200000, 0x000000008d300000, 0x000000008d300000|100%| O|  |TAMS 0x000000008d200000| PB 0x000000008d200000| Untracked 
| 211|0x000000008d300000, 0x000000008d400000, 0x000000008d400000|100%| O|  |TAMS 0x000000008d400000| PB 0x000000008d300000| Untracked 
| 212|0x000000008d400000, 0x000000008d500000, 0x000000008d500000|100%| O|  |TAMS 0x000000008d500000| PB 0x000000008d400000| Untracked 
| 213|0x000000008d500000, 0x000000008d600000, 0x000000008d600000|100%| O|  |TAMS 0x000000008d600000| PB 0x000000008d500000| Untracked 
| 214|0x000000008d600000, 0x000000008d700000, 0x000000008d700000|100%| O|  |TAMS 0x000000008d700000| PB 0x000000008d600000| Untracked 
| 215|0x000000008d700000, 0x000000008d800000, 0x000000008d800000|100%| O|  |TAMS 0x000000008d800000| PB 0x000000008d700000| Untracked 
| 216|0x000000008d800000, 0x000000008d900000, 0x000000008d900000|100%| O|  |TAMS 0x000000008d900000| PB 0x000000008d800000| Untracked 
| 217|0x000000008d900000, 0x000000008da00000, 0x000000008da00000|100%| O|  |TAMS 0x000000008d900000| PB 0x000000008d900000| Untracked 
| 218|0x000000008da00000, 0x000000008db00000, 0x000000008db00000|100%| O|  |TAMS 0x000000008db00000| PB 0x000000008da00000| Untracked 
| 219|0x000000008db00000, 0x000000008dc00000, 0x000000008dc00000|100%| O|  |TAMS 0x000000008dc00000| PB 0x000000008db00000| Untracked 
| 220|0x000000008dc00000, 0x000000008dd00000, 0x000000008dd00000|100%| O|  |TAMS 0x000000008dd00000| PB 0x000000008dc00000| Untracked 
| 221|0x000000008dd00000, 0x000000008de00000, 0x000000008de00000|100%| O|  |TAMS 0x000000008de00000| PB 0x000000008dd00000| Untracked 
| 222|0x000000008de00000, 0x000000008df00000, 0x000000008df00000|100%| O|  |TAMS 0x000000008df00000| PB 0x000000008de00000| Untracked 
| 223|0x000000008df00000, 0x000000008e000000, 0x000000008e000000|100%| O|  |TAMS 0x000000008e000000| PB 0x000000008df00000| Untracked 
| 224|0x000000008e000000, 0x000000008e100000, 0x000000008e100000|100%| O|  |TAMS 0x000000008e100000| PB 0x000000008e000000| Untracked 
| 225|0x000000008e100000, 0x000000008e200000, 0x000000008e200000|100%| O|  |TAMS 0x000000008e200000| PB 0x000000008e100000| Untracked 
| 226|0x000000008e200000, 0x000000008e300000, 0x000000008e300000|100%| O|  |TAMS 0x000000008e300000| PB 0x000000008e200000| Untracked 
| 227|0x000000008e300000, 0x000000008e400000, 0x000000008e400000|100%| O|  |TAMS 0x000000008e400000| PB 0x000000008e300000| Untracked 
| 228|0x000000008e400000, 0x000000008e500000, 0x000000008e500000|100%| O|  |TAMS 0x000000008e500000| PB 0x000000008e400000| Untracked 
| 229|0x000000008e500000, 0x000000008e600000, 0x000000008e600000|100%| O|  |TAMS 0x000000008e600000| PB 0x000000008e500000| Untracked 
| 230|0x000000008e600000, 0x000000008e700000, 0x000000008e700000|100%| O|  |TAMS 0x000000008e700000| PB 0x000000008e600000| Untracked 
| 231|0x000000008e700000, 0x000000008e800000, 0x000000008e800000|100%| O|  |TAMS 0x000000008e800000| PB 0x000000008e700000| Untracked 
| 232|0x000000008e800000, 0x000000008e900000, 0x000000008e900000|100%| O|  |TAMS 0x000000008e900000| PB 0x000000008e800000| Untracked 
| 233|0x000000008e900000, 0x000000008ea00000, 0x000000008ea00000|100%| O|  |TAMS 0x000000008ea00000| PB 0x000000008e900000| Untracked 
| 234|0x000000008ea00000, 0x000000008eb00000, 0x000000008eb00000|100%| O|  |TAMS 0x000000008eb00000| PB 0x000000008ea00000| Untracked 
| 235|0x000000008eb00000, 0x000000008eb00000, 0x000000008ec00000|  0%| F|  |TAMS 0x000000008eb00000| PB 0x000000008eb00000| Untracked 
| 236|0x000000008ec00000, 0x000000008ed00000, 0x000000008ed00000|100%| O|  |TAMS 0x000000008ec00000| PB 0x000000008ec00000| Untracked 
| 237|0x000000008ed00000, 0x000000008ed00000, 0x000000008ee00000|  0%| F|  |TAMS 0x000000008ed00000| PB 0x000000008ed00000| Untracked 
| 238|0x000000008ee00000, 0x000000008ef00000, 0x000000008ef00000|100%| O|  |TAMS 0x000000008ef00000| PB 0x000000008ee00000| Untracked 
| 239|0x000000008ef00000, 0x000000008f000000, 0x000000008f000000|100%| O|  |TAMS 0x000000008f000000| PB 0x000000008ef00000| Untracked 
| 240|0x000000008f000000, 0x000000008f000000, 0x000000008f100000|  0%| F|  |TAMS 0x000000008f000000| PB 0x000000008f000000| Untracked 
| 241|0x000000008f100000, 0x000000008f200000, 0x000000008f200000|100%| O|  |TAMS 0x000000008f100000| PB 0x000000008f100000| Untracked 
| 242|0x000000008f200000, 0x000000008f200000, 0x000000008f300000|  0%| F|  |TAMS 0x000000008f200000| PB 0x000000008f200000| Untracked 
| 243|0x000000008f300000, 0x000000008f400000, 0x000000008f400000|100%| O|  |TAMS 0x000000008f400000| PB 0x000000008f300000| Untracked 
| 244|0x000000008f400000, 0x000000008f500000, 0x000000008f500000|100%| O|  |TAMS 0x000000008f500000| PB 0x000000008f400000| Untracked 
| 245|0x000000008f500000, 0x000000008f600000, 0x000000008f600000|100%| O|  |TAMS 0x000000008f500000| PB 0x000000008f500000| Untracked 
| 246|0x000000008f600000, 0x000000008f600000, 0x000000008f700000|  0%| F|  |TAMS 0x000000008f600000| PB 0x000000008f600000| Untracked 
| 247|0x000000008f700000, 0x000000008f700000, 0x000000008f800000|  0%| F|  |TAMS 0x000000008f700000| PB 0x000000008f700000| Untracked 
| 248|0x000000008f800000, 0x000000008f800000, 0x000000008f900000|  0%| F|  |TAMS 0x000000008f800000| PB 0x000000008f800000| Untracked 
| 249|0x000000008f900000, 0x000000008fa00000, 0x000000008fa00000|100%| O|  |TAMS 0x000000008f900000| PB 0x000000008f900000| Untracked 
| 250|0x000000008fa00000, 0x000000008fa00000, 0x000000008fb00000|  0%| F|  |TAMS 0x000000008fa00000| PB 0x000000008fa00000| Untracked 
| 251|0x000000008fb00000, 0x000000008fc00000, 0x000000008fc00000|100%| O|  |TAMS 0x000000008fb00000| PB 0x000000008fb00000| Untracked 
| 252|0x000000008fc00000, 0x000000008fd00000, 0x000000008fd00000|100%|HS|  |TAMS 0x000000008fd00000| PB 0x000000008fc00000| Complete 
| 253|0x000000008fd00000, 0x000000008fe00000, 0x000000008fe00000|100%|HC|  |TAMS 0x000000008fe00000| PB 0x000000008fd00000| Complete 
| 254|0x000000008fe00000, 0x000000008ff00000, 0x000000008ff00000|100%|HC|  |TAMS 0x000000008ff00000| PB 0x000000008fe00000| Complete 
| 255|0x000000008ff00000, 0x0000000090000000, 0x0000000090000000|100%|HC|  |TAMS 0x0000000090000000| PB 0x000000008ff00000| Complete 
| 256|0x0000000090000000, 0x0000000090100000, 0x0000000090100000|100%|HC|  |TAMS 0x0000000090100000| PB 0x0000000090000000| Complete 
| 257|0x0000000090100000, 0x0000000090200000, 0x0000000090200000|100%|HC|  |TAMS 0x0000000090200000| PB 0x0000000090100000| Complete 
| 258|0x0000000090200000, 0x0000000090300000, 0x0000000090300000|100%|HC|  |TAMS 0x0000000090300000| PB 0x0000000090200000| Complete 
| 259|0x0000000090300000, 0x0000000090400000, 0x0000000090400000|100%|HC|  |TAMS 0x0000000090400000| PB 0x0000000090300000| Complete 
| 260|0x0000000090400000, 0x0000000090500000, 0x0000000090500000|100%|HC|  |TAMS 0x0000000090500000| PB 0x0000000090400000| Complete 
| 261|0x0000000090500000, 0x0000000090600000, 0x0000000090600000|100%|HS|  |TAMS 0x0000000090600000| PB 0x0000000090500000| Complete 
| 262|0x0000000090600000, 0x0000000090700000, 0x0000000090700000|100%|HC|  |TAMS 0x0000000090700000| PB 0x0000000090600000| Complete 
| 263|0x0000000090700000, 0x0000000090800000, 0x0000000090800000|100%|HC|  |TAMS 0x0000000090800000| PB 0x0000000090700000| Complete 
| 264|0x0000000090800000, 0x0000000090900000, 0x0000000090900000|100%|HC|  |TAMS 0x0000000090900000| PB 0x0000000090800000| Complete 
| 265|0x0000000090900000, 0x0000000090a00000, 0x0000000090a00000|100%|HC|  |TAMS 0x0000000090a00000| PB 0x0000000090900000| Complete 
| 266|0x0000000090a00000, 0x0000000090b00000, 0x0000000090b00000|100%|HC|  |TAMS 0x0000000090b00000| PB 0x0000000090a00000| Complete 
| 267|0x0000000090b00000, 0x0000000090c00000, 0x0000000090c00000|100%|HC|  |TAMS 0x0000000090c00000| PB 0x0000000090b00000| Complete 
| 268|0x0000000090c00000, 0x0000000090d00000, 0x0000000090d00000|100%|HC|  |TAMS 0x0000000090d00000| PB 0x0000000090c00000| Complete 
| 269|0x0000000090d00000, 0x0000000090d00000, 0x0000000090e00000|  0%| F|  |TAMS 0x0000000090d00000| PB 0x0000000090d00000| Untracked 
| 270|0x0000000090e00000, 0x0000000090e00000, 0x0000000090f00000|  0%| F|  |TAMS 0x0000000090e00000| PB 0x0000000090e00000| Untracked 
| 271|0x0000000090f00000, 0x0000000090f00000, 0x0000000091000000|  0%| F|  |TAMS 0x0000000090f00000| PB 0x0000000090f00000| Untracked 
| 272|0x0000000091000000, 0x0000000091000000, 0x0000000091100000|  0%| F|  |TAMS 0x0000000091000000| PB 0x0000000091000000| Untracked 
| 273|0x0000000091100000, 0x0000000091100000, 0x0000000091200000|  0%| F|  |TAMS 0x0000000091100000| PB 0x0000000091100000| Untracked 
| 274|0x0000000091200000, 0x0000000091200000, 0x0000000091300000|  0%| F|  |TAMS 0x0000000091200000| PB 0x0000000091200000| Untracked 
| 275|0x0000000091300000, 0x0000000091300000, 0x0000000091400000|  0%| F|  |TAMS 0x0000000091300000| PB 0x0000000091300000| Untracked 
| 276|0x0000000091400000, 0x0000000091400000, 0x0000000091500000|  0%| F|  |TAMS 0x0000000091400000| PB 0x0000000091400000| Untracked 
| 277|0x0000000091500000, 0x0000000091500000, 0x0000000091600000|  0%| F|  |TAMS 0x0000000091500000| PB 0x0000000091500000| Untracked 
| 278|0x0000000091600000, 0x0000000091700000, 0x0000000091700000|100%|HS|  |TAMS 0x0000000091700000| PB 0x0000000091600000| Complete 
| 279|0x0000000091700000, 0x0000000091800000, 0x0000000091800000|100%|HC|  |TAMS 0x0000000091800000| PB 0x0000000091700000| Complete 
| 280|0x0000000091800000, 0x0000000091900000, 0x0000000091900000|100%|HC|  |TAMS 0x0000000091900000| PB 0x0000000091800000| Complete 
| 281|0x0000000091900000, 0x0000000091a00000, 0x0000000091a00000|100%|HC|  |TAMS 0x0000000091a00000| PB 0x0000000091900000| Complete 
| 282|0x0000000091a00000, 0x0000000091b00000, 0x0000000091b00000|100%|HC|  |TAMS 0x0000000091b00000| PB 0x0000000091a00000| Complete 
| 283|0x0000000091b00000, 0x0000000091c00000, 0x0000000091c00000|100%|HC|  |TAMS 0x0000000091c00000| PB 0x0000000091b00000| Complete 
| 284|0x0000000091c00000, 0x0000000091d00000, 0x0000000091d00000|100%|HC|  |TAMS 0x0000000091d00000| PB 0x0000000091c00000| Complete 
| 285|0x0000000091d00000, 0x0000000091e00000, 0x0000000091e00000|100%|HC|  |TAMS 0x0000000091e00000| PB 0x0000000091d00000| Complete 
| 286|0x0000000091e00000, 0x0000000091f00000, 0x0000000091f00000|100%|HC|  |TAMS 0x0000000091f00000| PB 0x0000000091e00000| Complete 
| 287|0x0000000091f00000, 0x0000000091f00000, 0x0000000092000000|  0%| F|  |TAMS 0x0000000091f00000| PB 0x0000000091f00000| Untracked 
| 288|0x0000000092000000, 0x0000000092100000, 0x0000000092100000|100%| O|  |TAMS 0x0000000092000000| PB 0x0000000092000000| Untracked 
| 289|0x0000000092100000, 0x0000000092200000, 0x0000000092200000|100%| O|  |TAMS 0x0000000092100000| PB 0x0000000092100000| Untracked 
| 290|0x0000000092200000, 0x0000000092300000, 0x0000000092300000|100%| O|  |TAMS 0x0000000092200000| PB 0x0000000092200000| Untracked 
| 291|0x0000000092300000, 0x0000000092400000, 0x0000000092400000|100%| O|  |TAMS 0x0000000092300000| PB 0x0000000092300000| Untracked 
| 292|0x0000000092400000, 0x0000000092500000, 0x0000000092500000|100%|HS|  |TAMS 0x0000000092500000| PB 0x0000000092400000| Complete 
| 293|0x0000000092500000, 0x0000000092600000, 0x0000000092600000|100%|HC|  |TAMS 0x0000000092600000| PB 0x0000000092500000| Complete 
| 294|0x0000000092600000, 0x0000000092700000, 0x0000000092700000|100%|HC|  |TAMS 0x0000000092700000| PB 0x0000000092600000| Complete 
| 295|0x0000000092700000, 0x0000000092800000, 0x0000000092800000|100%|HC|  |TAMS 0x0000000092800000| PB 0x0000000092700000| Complete 
| 296|0x0000000092800000, 0x0000000092900000, 0x0000000092900000|100%|HC|  |TAMS 0x0000000092900000| PB 0x0000000092800000| Complete 
| 297|0x0000000092900000, 0x0000000092a00000, 0x0000000092a00000|100%|HC|  |TAMS 0x0000000092a00000| PB 0x0000000092900000| Complete 
| 298|0x0000000092a00000, 0x0000000092b00000, 0x0000000092b00000|100%|HC|  |TAMS 0x0000000092b00000| PB 0x0000000092a00000| Complete 
| 299|0x0000000092b00000, 0x0000000092c00000, 0x0000000092c00000|100%|HC|  |TAMS 0x0000000092c00000| PB 0x0000000092b00000| Complete 
| 300|0x0000000092c00000, 0x0000000092d00000, 0x0000000092d00000|100%| O|  |TAMS 0x0000000092c00000| PB 0x0000000092c00000| Untracked 
| 301|0x0000000092d00000, 0x0000000092e00000, 0x0000000092e00000|100%| O|  |TAMS 0x0000000092d00000| PB 0x0000000092d00000| Untracked 
| 302|0x0000000092e00000, 0x0000000092f00000, 0x0000000092f00000|100%| O|  |TAMS 0x0000000092e00000| PB 0x0000000092e00000| Untracked 
| 303|0x0000000092f00000, 0x0000000093000000, 0x0000000093000000|100%|HS|  |TAMS 0x0000000093000000| PB 0x0000000092f00000| Complete 
| 304|0x0000000093000000, 0x0000000093100000, 0x0000000093100000|100%|HC|  |TAMS 0x0000000093100000| PB 0x0000000093000000| Complete 
| 305|0x0000000093100000, 0x0000000093200000, 0x0000000093200000|100%|HC|  |TAMS 0x0000000093200000| PB 0x0000000093100000| Complete 
| 306|0x0000000093200000, 0x0000000093300000, 0x0000000093300000|100%|HC|  |TAMS 0x0000000093300000| PB 0x0000000093200000| Complete 
| 307|0x0000000093300000, 0x0000000093400000, 0x0000000093400000|100%| O|  |TAMS 0x0000000093300000| PB 0x0000000093300000| Untracked 
| 308|0x0000000093400000, 0x0000000093500000, 0x0000000093500000|100%| O|  |TAMS 0x0000000093400000| PB 0x0000000093400000| Untracked 
| 309|0x0000000093500000, 0x0000000093600000, 0x0000000093600000|100%| O|  |TAMS 0x0000000093500000| PB 0x0000000093500000| Untracked 
| 310|0x0000000093600000, 0x0000000093700000, 0x0000000093700000|100%| O|  |TAMS 0x0000000093600000| PB 0x0000000093600000| Untracked 
| 311|0x0000000093700000, 0x0000000093800000, 0x0000000093800000|100%| O|  |TAMS 0x0000000093700000| PB 0x0000000093700000| Untracked 
| 312|0x0000000093800000, 0x0000000093900000, 0x0000000093900000|100%| O|  |TAMS 0x0000000093800000| PB 0x0000000093800000| Untracked 
| 313|0x0000000093900000, 0x0000000093a00000, 0x0000000093a00000|100%| O|  |TAMS 0x0000000093900000| PB 0x0000000093900000| Untracked 
| 314|0x0000000093a00000, 0x0000000093b00000, 0x0000000093b00000|100%| O|  |TAMS 0x0000000093a00000| PB 0x0000000093a00000| Untracked 
| 315|0x0000000093b00000, 0x0000000093c00000, 0x0000000093c00000|100%| O|  |TAMS 0x0000000093b00000| PB 0x0000000093b00000| Untracked 
| 316|0x0000000093c00000, 0x0000000093d00000, 0x0000000093d00000|100%| O|  |TAMS 0x0000000093c00000| PB 0x0000000093c00000| Untracked 
| 317|0x0000000093d00000, 0x0000000093e00000, 0x0000000093e00000|100%| O|  |TAMS 0x0000000093d00000| PB 0x0000000093d00000| Untracked 
| 318|0x0000000093e00000, 0x0000000093f00000, 0x0000000093f00000|100%| O|  |TAMS 0x0000000093e00000| PB 0x0000000093e00000| Untracked 
| 319|0x0000000093f00000, 0x0000000094000000, 0x0000000094000000|100%| O|  |TAMS 0x0000000093f00000| PB 0x0000000093f00000| Untracked 
| 320|0x0000000094000000, 0x0000000094100000, 0x0000000094100000|100%| O|  |TAMS 0x0000000094000000| PB 0x0000000094000000| Untracked 
| 321|0x0000000094100000, 0x0000000094200000, 0x0000000094200000|100%| O|  |TAMS 0x0000000094100000| PB 0x0000000094100000| Untracked 
| 322|0x0000000094200000, 0x0000000094300000, 0x0000000094300000|100%| O|  |TAMS 0x0000000094200000| PB 0x0000000094200000| Untracked 
| 323|0x0000000094300000, 0x0000000094400000, 0x0000000094400000|100%| O|  |TAMS 0x0000000094300000| PB 0x0000000094300000| Untracked 
| 324|0x0000000094400000, 0x0000000094500000, 0x0000000094500000|100%| O|  |TAMS 0x0000000094400000| PB 0x0000000094400000| Untracked 
| 325|0x0000000094500000, 0x0000000094600000, 0x0000000094600000|100%| O|  |TAMS 0x0000000094500000| PB 0x0000000094500000| Untracked 
| 326|0x0000000094600000, 0x0000000094700000, 0x0000000094700000|100%| O|  |TAMS 0x0000000094600000| PB 0x0000000094600000| Untracked 
| 327|0x0000000094700000, 0x0000000094700000, 0x0000000094800000|  0%| F|  |TAMS 0x0000000094700000| PB 0x0000000094700000| Untracked 
| 328|0x0000000094800000, 0x0000000094800000, 0x0000000094900000|  0%| F|  |TAMS 0x0000000094800000| PB 0x0000000094800000| Untracked 
| 329|0x0000000094900000, 0x0000000094900000, 0x0000000094a00000|  0%| F|  |TAMS 0x0000000094900000| PB 0x0000000094900000| Untracked 
| 330|0x0000000094a00000, 0x0000000094a00000, 0x0000000094b00000|  0%| F|  |TAMS 0x0000000094a00000| PB 0x0000000094a00000| Untracked 
| 331|0x0000000094b00000, 0x0000000094b00000, 0x0000000094c00000|  0%| F|  |TAMS 0x0000000094b00000| PB 0x0000000094b00000| Untracked 
| 332|0x0000000094c00000, 0x0000000094c00000, 0x0000000094d00000|  0%| F|  |TAMS 0x0000000094c00000| PB 0x0000000094c00000| Untracked 
| 333|0x0000000094d00000, 0x0000000094d00000, 0x0000000094e00000|  0%| F|  |TAMS 0x0000000094d00000| PB 0x0000000094d00000| Untracked 
| 334|0x0000000094e00000, 0x0000000094e00000, 0x0000000094f00000|  0%| F|  |TAMS 0x0000000094e00000| PB 0x0000000094e00000| Untracked 
| 335|0x0000000094f00000, 0x0000000094f00000, 0x0000000095000000|  0%| F|  |TAMS 0x0000000094f00000| PB 0x0000000094f00000| Untracked 
| 336|0x0000000095000000, 0x0000000095000000, 0x0000000095100000|  0%| F|  |TAMS 0x0000000095000000| PB 0x0000000095000000| Untracked 
| 337|0x0000000095100000, 0x0000000095100000, 0x0000000095200000|  0%| F|  |TAMS 0x0000000095100000| PB 0x0000000095100000| Untracked 
| 338|0x0000000095200000, 0x0000000095200000, 0x0000000095300000|  0%| F|  |TAMS 0x0000000095200000| PB 0x0000000095200000| Untracked 
| 339|0x0000000095300000, 0x0000000095300000, 0x0000000095400000|  0%| F|  |TAMS 0x0000000095300000| PB 0x0000000095300000| Untracked 
| 340|0x0000000095400000, 0x0000000095400000, 0x0000000095500000|  0%| F|  |TAMS 0x0000000095400000| PB 0x0000000095400000| Untracked 
| 341|0x0000000095500000, 0x0000000095500000, 0x0000000095600000|  0%| F|  |TAMS 0x0000000095500000| PB 0x0000000095500000| Untracked 
| 342|0x0000000095600000, 0x0000000095600000, 0x0000000095700000|  0%| F|  |TAMS 0x0000000095600000| PB 0x0000000095600000| Untracked 
| 343|0x0000000095700000, 0x0000000095700000, 0x0000000095800000|  0%| F|  |TAMS 0x0000000095700000| PB 0x0000000095700000| Untracked 
| 344|0x0000000095800000, 0x0000000095800000, 0x0000000095900000|  0%| F|  |TAMS 0x0000000095800000| PB 0x0000000095800000| Untracked 
| 345|0x0000000095900000, 0x0000000095900000, 0x0000000095a00000|  0%| F|  |TAMS 0x0000000095900000| PB 0x0000000095900000| Untracked 
| 346|0x0000000095a00000, 0x0000000095a00000, 0x0000000095b00000|  0%| F|  |TAMS 0x0000000095a00000| PB 0x0000000095a00000| Untracked 
| 347|0x0000000095b00000, 0x0000000095c00000, 0x0000000095c00000|100%| O|  |TAMS 0x0000000095b00000| PB 0x0000000095b00000| Untracked 
| 348|0x0000000095c00000, 0x0000000095d00000, 0x0000000095d00000|100%| O|  |TAMS 0x0000000095c00000| PB 0x0000000095c00000| Untracked 
| 349|0x0000000095d00000, 0x0000000095e00000, 0x0000000095e00000|100%| O|  |TAMS 0x0000000095d00000| PB 0x0000000095d00000| Untracked 
| 350|0x0000000095e00000, 0x0000000095f00000, 0x0000000095f00000|100%| O|  |TAMS 0x0000000095e00000| PB 0x0000000095e00000| Untracked 
| 351|0x0000000095f00000, 0x0000000096000000, 0x0000000096000000|100%| O|  |TAMS 0x0000000095f00000| PB 0x0000000095f00000| Untracked 
| 352|0x0000000096000000, 0x0000000096100000, 0x0000000096100000|100%| O|  |TAMS 0x0000000096000000| PB 0x0000000096000000| Untracked 
| 353|0x0000000096100000, 0x0000000096200000, 0x0000000096200000|100%| O|  |TAMS 0x0000000096100000| PB 0x0000000096100000| Untracked 
| 354|0x0000000096200000, 0x0000000096300000, 0x0000000096300000|100%| O|  |TAMS 0x0000000096200000| PB 0x0000000096200000| Untracked 
| 355|0x0000000096300000, 0x0000000096400000, 0x0000000096400000|100%| O|  |TAMS 0x0000000096300000| PB 0x0000000096300000| Untracked 
| 356|0x0000000096400000, 0x0000000096500000, 0x0000000096500000|100%| O|  |TAMS 0x0000000096400000| PB 0x0000000096400000| Untracked 
| 357|0x0000000096500000, 0x0000000096600000, 0x0000000096600000|100%| O|  |TAMS 0x0000000096500000| PB 0x0000000096500000| Untracked 
| 358|0x0000000096600000, 0x0000000096700000, 0x0000000096700000|100%| O|  |TAMS 0x0000000096600000| PB 0x0000000096600000| Untracked 
| 359|0x0000000096700000, 0x0000000096800000, 0x0000000096800000|100%| O|  |TAMS 0x0000000096700000| PB 0x0000000096700000| Untracked 
| 360|0x0000000096800000, 0x0000000096900000, 0x0000000096900000|100%| O|  |TAMS 0x0000000096800000| PB 0x0000000096800000| Untracked 
| 361|0x0000000096900000, 0x0000000096a00000, 0x0000000096a00000|100%| O|  |TAMS 0x0000000096900000| PB 0x0000000096900000| Untracked 
| 362|0x0000000096a00000, 0x0000000096a80000, 0x0000000096b00000| 50%| O|  |TAMS 0x0000000096a00000| PB 0x0000000096a00000| Untracked 
| 363|0x0000000096b00000, 0x0000000096b00000, 0x0000000096c00000|  0%| F|  |TAMS 0x0000000096b00000| PB 0x0000000096b00000| Untracked 
| 364|0x0000000096c00000, 0x0000000096c00000, 0x0000000096d00000|  0%| F|  |TAMS 0x0000000096c00000| PB 0x0000000096c00000| Untracked 
| 365|0x0000000096d00000, 0x0000000096d00000, 0x0000000096e00000|  0%| F|  |TAMS 0x0000000096d00000| PB 0x0000000096d00000| Untracked 
| 366|0x0000000096e00000, 0x0000000096e00000, 0x0000000096f00000|  0%| F|  |TAMS 0x0000000096e00000| PB 0x0000000096e00000| Untracked 
| 367|0x0000000096f00000, 0x0000000096f00000, 0x0000000097000000|  0%| F|  |TAMS 0x0000000096f00000| PB 0x0000000096f00000| Untracked 
| 368|0x0000000097000000, 0x0000000097000000, 0x0000000097100000|  0%| F|  |TAMS 0x0000000097000000| PB 0x0000000097000000| Untracked 
| 369|0x0000000097100000, 0x0000000097100000, 0x0000000097200000|  0%| F|  |TAMS 0x0000000097100000| PB 0x0000000097100000| Untracked 
| 370|0x0000000097200000, 0x0000000097200000, 0x0000000097300000|  0%| F|  |TAMS 0x0000000097200000| PB 0x0000000097200000| Untracked 
| 371|0x0000000097300000, 0x0000000097300000, 0x0000000097400000|  0%| F|  |TAMS 0x0000000097300000| PB 0x0000000097300000| Untracked 
| 372|0x0000000097400000, 0x0000000097400000, 0x0000000097500000|  0%| F|  |TAMS 0x0000000097400000| PB 0x0000000097400000| Untracked 
| 373|0x0000000097500000, 0x0000000097500000, 0x0000000097600000|  0%| F|  |TAMS 0x0000000097500000| PB 0x0000000097500000| Untracked 
| 374|0x0000000097600000, 0x0000000097600000, 0x0000000097700000|  0%| F|  |TAMS 0x0000000097600000| PB 0x0000000097600000| Untracked 
| 375|0x0000000097700000, 0x0000000097700000, 0x0000000097800000|  0%| F|  |TAMS 0x0000000097700000| PB 0x0000000097700000| Untracked 
| 376|0x0000000097800000, 0x0000000097800000, 0x0000000097900000|  0%| F|  |TAMS 0x0000000097800000| PB 0x0000000097800000| Untracked 
| 377|0x0000000097900000, 0x0000000097900000, 0x0000000097a00000|  0%| F|  |TAMS 0x0000000097900000| PB 0x0000000097900000| Untracked 
| 378|0x0000000097a00000, 0x0000000097a00000, 0x0000000097b00000|  0%| F|  |TAMS 0x0000000097a00000| PB 0x0000000097a00000| Untracked 
| 379|0x0000000097b00000, 0x0000000097b00000, 0x0000000097c00000|  0%| F|  |TAMS 0x0000000097b00000| PB 0x0000000097b00000| Untracked 
| 380|0x0000000097c00000, 0x0000000097c00000, 0x0000000097d00000|  0%| F|  |TAMS 0x0000000097c00000| PB 0x0000000097c00000| Untracked 
| 381|0x0000000097d00000, 0x0000000097d00000, 0x0000000097e00000|  0%| F|  |TAMS 0x0000000097d00000| PB 0x0000000097d00000| Untracked 
| 382|0x0000000097e00000, 0x0000000097e00000, 0x0000000097f00000|  0%| F|  |TAMS 0x0000000097e00000| PB 0x0000000097e00000| Untracked 
| 383|0x0000000097f00000, 0x0000000097f00000, 0x0000000098000000|  0%| F|  |TAMS 0x0000000097f00000| PB 0x0000000097f00000| Untracked 
| 384|0x0000000098000000, 0x0000000098000000, 0x0000000098100000|  0%| F|  |TAMS 0x0000000098000000| PB 0x0000000098000000| Untracked 
| 385|0x0000000098100000, 0x0000000098100000, 0x0000000098200000|  0%| F|  |TAMS 0x0000000098100000| PB 0x0000000098100000| Untracked 
| 386|0x0000000098200000, 0x0000000098200000, 0x0000000098300000|  0%| F|  |TAMS 0x0000000098200000| PB 0x0000000098200000| Untracked 
| 387|0x0000000098300000, 0x0000000098300000, 0x0000000098400000|  0%| F|  |TAMS 0x0000000098300000| PB 0x0000000098300000| Untracked 
| 388|0x0000000098400000, 0x0000000098400000, 0x0000000098500000|  0%| F|  |TAMS 0x0000000098400000| PB 0x0000000098400000| Untracked 
| 389|0x0000000098500000, 0x0000000098500000, 0x0000000098600000|  0%| F|  |TAMS 0x0000000098500000| PB 0x0000000098500000| Untracked 
| 390|0x0000000098600000, 0x0000000098600000, 0x0000000098700000|  0%| F|  |TAMS 0x0000000098600000| PB 0x0000000098600000| Untracked 
| 391|0x0000000098700000, 0x0000000098700000, 0x0000000098800000|  0%| F|  |TAMS 0x0000000098700000| PB 0x0000000098700000| Untracked 
| 392|0x0000000098800000, 0x0000000098800000, 0x0000000098900000|  0%| F|  |TAMS 0x0000000098800000| PB 0x0000000098800000| Untracked 
| 393|0x0000000098900000, 0x0000000098900000, 0x0000000098a00000|  0%| F|  |TAMS 0x0000000098900000| PB 0x0000000098900000| Untracked 
| 394|0x0000000098a00000, 0x0000000098a00000, 0x0000000098b00000|  0%| F|  |TAMS 0x0000000098a00000| PB 0x0000000098a00000| Untracked 
| 395|0x0000000098b00000, 0x0000000098b00000, 0x0000000098c00000|  0%| F|  |TAMS 0x0000000098b00000| PB 0x0000000098b00000| Untracked 
| 396|0x0000000098c00000, 0x0000000098c00000, 0x0000000098d00000|  0%| F|  |TAMS 0x0000000098c00000| PB 0x0000000098c00000| Untracked 
| 397|0x0000000098d00000, 0x0000000098d00000, 0x0000000098e00000|  0%| F|  |TAMS 0x0000000098d00000| PB 0x0000000098d00000| Untracked 
| 398|0x0000000098e00000, 0x0000000098e00000, 0x0000000098f00000|  0%| F|  |TAMS 0x0000000098e00000| PB 0x0000000098e00000| Untracked 
| 399|0x0000000098f00000, 0x0000000098f00000, 0x0000000099000000|  0%| F|  |TAMS 0x0000000098f00000| PB 0x0000000098f00000| Untracked 
| 400|0x0000000099000000, 0x0000000099000000, 0x0000000099100000|  0%| F|  |TAMS 0x0000000099000000| PB 0x0000000099000000| Untracked 
| 401|0x0000000099100000, 0x0000000099100000, 0x0000000099200000|  0%| F|  |TAMS 0x0000000099100000| PB 0x0000000099100000| Untracked 
| 402|0x0000000099200000, 0x0000000099200000, 0x0000000099300000|  0%| F|  |TAMS 0x0000000099200000| PB 0x0000000099200000| Untracked 
| 403|0x0000000099300000, 0x0000000099300000, 0x0000000099400000|  0%| F|  |TAMS 0x0000000099300000| PB 0x0000000099300000| Untracked 
| 404|0x0000000099400000, 0x0000000099400000, 0x0000000099500000|  0%| F|  |TAMS 0x0000000099400000| PB 0x0000000099400000| Untracked 
| 405|0x0000000099500000, 0x0000000099500000, 0x0000000099600000|  0%| F|  |TAMS 0x0000000099500000| PB 0x0000000099500000| Untracked 
| 406|0x0000000099600000, 0x0000000099600000, 0x0000000099700000|  0%| F|  |TAMS 0x0000000099600000| PB 0x0000000099600000| Untracked 
| 407|0x0000000099700000, 0x0000000099700000, 0x0000000099800000|  0%| F|  |TAMS 0x0000000099700000| PB 0x0000000099700000| Untracked 
| 408|0x0000000099800000, 0x0000000099800000, 0x0000000099900000|  0%| F|  |TAMS 0x0000000099800000| PB 0x0000000099800000| Untracked 
| 409|0x0000000099900000, 0x0000000099900000, 0x0000000099a00000|  0%| F|  |TAMS 0x0000000099900000| PB 0x0000000099900000| Untracked 
| 410|0x0000000099a00000, 0x0000000099a00000, 0x0000000099b00000|  0%| F|  |TAMS 0x0000000099a00000| PB 0x0000000099a00000| Untracked 
| 411|0x0000000099b00000, 0x0000000099b00000, 0x0000000099c00000|  0%| F|  |TAMS 0x0000000099b00000| PB 0x0000000099b00000| Untracked 
| 412|0x0000000099c00000, 0x0000000099c00000, 0x0000000099d00000|  0%| F|  |TAMS 0x0000000099c00000| PB 0x0000000099c00000| Untracked 
| 413|0x0000000099d00000, 0x0000000099d00000, 0x0000000099e00000|  0%| F|  |TAMS 0x0000000099d00000| PB 0x0000000099d00000| Untracked 
| 414|0x0000000099e00000, 0x0000000099e00000, 0x0000000099f00000|  0%| F|  |TAMS 0x0000000099e00000| PB 0x0000000099e00000| Untracked 
| 415|0x0000000099f00000, 0x0000000099f00000, 0x000000009a000000|  0%| F|  |TAMS 0x0000000099f00000| PB 0x0000000099f00000| Untracked 
| 416|0x000000009a000000, 0x000000009a000000, 0x000000009a100000|  0%| F|  |TAMS 0x000000009a000000| PB 0x000000009a000000| Untracked 
| 417|0x000000009a100000, 0x000000009a100000, 0x000000009a200000|  0%| F|  |TAMS 0x000000009a100000| PB 0x000000009a100000| Untracked 
| 418|0x000000009a200000, 0x000000009a200000, 0x000000009a300000|  0%| F|  |TAMS 0x000000009a200000| PB 0x000000009a200000| Untracked 
| 419|0x000000009a300000, 0x000000009a300000, 0x000000009a400000|  0%| F|  |TAMS 0x000000009a300000| PB 0x000000009a300000| Untracked 
| 420|0x000000009a400000, 0x000000009a400000, 0x000000009a500000|  0%| F|  |TAMS 0x000000009a400000| PB 0x000000009a400000| Untracked 
| 421|0x000000009a500000, 0x000000009a500000, 0x000000009a600000|  0%| F|  |TAMS 0x000000009a500000| PB 0x000000009a500000| Untracked 
| 422|0x000000009a600000, 0x000000009a600000, 0x000000009a700000|  0%| F|  |TAMS 0x000000009a600000| PB 0x000000009a600000| Untracked 
| 423|0x000000009a700000, 0x000000009a700000, 0x000000009a800000|  0%| F|  |TAMS 0x000000009a700000| PB 0x000000009a700000| Untracked 
| 424|0x000000009a800000, 0x000000009a800000, 0x000000009a900000|  0%| F|  |TAMS 0x000000009a800000| PB 0x000000009a800000| Untracked 
| 425|0x000000009a900000, 0x000000009a900000, 0x000000009aa00000|  0%| F|  |TAMS 0x000000009a900000| PB 0x000000009a900000| Untracked 
| 426|0x000000009aa00000, 0x000000009aa00000, 0x000000009ab00000|  0%| F|  |TAMS 0x000000009aa00000| PB 0x000000009aa00000| Untracked 
| 427|0x000000009ab00000, 0x000000009ab00000, 0x000000009ac00000|  0%| F|  |TAMS 0x000000009ab00000| PB 0x000000009ab00000| Untracked 
| 428|0x000000009ac00000, 0x000000009ac00000, 0x000000009ad00000|  0%| F|  |TAMS 0x000000009ac00000| PB 0x000000009ac00000| Untracked 
| 429|0x000000009ad00000, 0x000000009ad00000, 0x000000009ae00000|  0%| F|  |TAMS 0x000000009ad00000| PB 0x000000009ad00000| Untracked 
| 430|0x000000009ae00000, 0x000000009ae00000, 0x000000009af00000|  0%| F|  |TAMS 0x000000009ae00000| PB 0x000000009ae00000| Untracked 
| 431|0x000000009af00000, 0x000000009af00000, 0x000000009b000000|  0%| F|  |TAMS 0x000000009af00000| PB 0x000000009af00000| Untracked 
| 432|0x000000009b000000, 0x000000009b000000, 0x000000009b100000|  0%| F|  |TAMS 0x000000009b000000| PB 0x000000009b000000| Untracked 
| 433|0x000000009b100000, 0x000000009b100000, 0x000000009b200000|  0%| F|  |TAMS 0x000000009b100000| PB 0x000000009b100000| Untracked 
| 434|0x000000009b200000, 0x000000009b200000, 0x000000009b300000|  0%| F|  |TAMS 0x000000009b200000| PB 0x000000009b200000| Untracked 
| 435|0x000000009b300000, 0x000000009b300000, 0x000000009b400000|  0%| F|  |TAMS 0x000000009b300000| PB 0x000000009b300000| Untracked 
| 436|0x000000009b400000, 0x000000009b400000, 0x000000009b500000|  0%| F|  |TAMS 0x000000009b400000| PB 0x000000009b400000| Untracked 
| 437|0x000000009b500000, 0x000000009b500000, 0x000000009b600000|  0%| F|  |TAMS 0x000000009b500000| PB 0x000000009b500000| Untracked 
| 438|0x000000009b600000, 0x000000009b600000, 0x000000009b700000|  0%| F|  |TAMS 0x000000009b600000| PB 0x000000009b600000| Untracked 
| 439|0x000000009b700000, 0x000000009b700000, 0x000000009b800000|  0%| F|  |TAMS 0x000000009b700000| PB 0x000000009b700000| Untracked 
| 440|0x000000009b800000, 0x000000009b800000, 0x000000009b900000|  0%| F|  |TAMS 0x000000009b800000| PB 0x000000009b800000| Untracked 
| 441|0x000000009b900000, 0x000000009b900000, 0x000000009ba00000|  0%| F|  |TAMS 0x000000009b900000| PB 0x000000009b900000| Untracked 
| 442|0x000000009ba00000, 0x000000009ba00000, 0x000000009bb00000|  0%| F|  |TAMS 0x000000009ba00000| PB 0x000000009ba00000| Untracked 
| 443|0x000000009bb00000, 0x000000009bb00000, 0x000000009bc00000|  0%| F|  |TAMS 0x000000009bb00000| PB 0x000000009bb00000| Untracked 
| 444|0x000000009bc00000, 0x000000009bc00000, 0x000000009bd00000|  0%| F|  |TAMS 0x000000009bc00000| PB 0x000000009bc00000| Untracked 
| 445|0x000000009bd00000, 0x000000009bd00000, 0x000000009be00000|  0%| F|  |TAMS 0x000000009bd00000| PB 0x000000009bd00000| Untracked 
| 446|0x000000009be00000, 0x000000009be00000, 0x000000009bf00000|  0%| F|  |TAMS 0x000000009be00000| PB 0x000000009be00000| Untracked 
| 447|0x000000009bf00000, 0x000000009bf00000, 0x000000009c000000|  0%| F|  |TAMS 0x000000009bf00000| PB 0x000000009bf00000| Untracked 
| 448|0x000000009c000000, 0x000000009c000000, 0x000000009c100000|  0%| F|  |TAMS 0x000000009c000000| PB 0x000000009c000000| Untracked 
| 449|0x000000009c100000, 0x000000009c100000, 0x000000009c200000|  0%| F|  |TAMS 0x000000009c100000| PB 0x000000009c100000| Untracked 
| 450|0x000000009c200000, 0x000000009c200000, 0x000000009c300000|  0%| F|  |TAMS 0x000000009c200000| PB 0x000000009c200000| Untracked 
| 451|0x000000009c300000, 0x000000009c300000, 0x000000009c400000|  0%| F|  |TAMS 0x000000009c300000| PB 0x000000009c300000| Untracked 
| 452|0x000000009c400000, 0x000000009c400000, 0x000000009c500000|  0%| F|  |TAMS 0x000000009c400000| PB 0x000000009c400000| Untracked 
| 453|0x000000009c500000, 0x000000009c500000, 0x000000009c600000|  0%| F|  |TAMS 0x000000009c500000| PB 0x000000009c500000| Untracked 
| 454|0x000000009c600000, 0x000000009c600000, 0x000000009c700000|  0%| F|  |TAMS 0x000000009c600000| PB 0x000000009c600000| Untracked 
| 455|0x000000009c700000, 0x000000009c700000, 0x000000009c800000|  0%| F|  |TAMS 0x000000009c700000| PB 0x000000009c700000| Untracked 
| 456|0x000000009c800000, 0x000000009c800000, 0x000000009c900000|  0%| F|  |TAMS 0x000000009c800000| PB 0x000000009c800000| Untracked 
| 457|0x000000009c900000, 0x000000009c900000, 0x000000009ca00000|  0%| F|  |TAMS 0x000000009c900000| PB 0x000000009c900000| Untracked 
| 458|0x000000009ca00000, 0x000000009ca00000, 0x000000009cb00000|  0%| F|  |TAMS 0x000000009ca00000| PB 0x000000009ca00000| Untracked 
| 459|0x000000009cb00000, 0x000000009cb00000, 0x000000009cc00000|  0%| F|  |TAMS 0x000000009cb00000| PB 0x000000009cb00000| Untracked 
| 460|0x000000009cc00000, 0x000000009cc00000, 0x000000009cd00000|  0%| F|  |TAMS 0x000000009cc00000| PB 0x000000009cc00000| Untracked 
| 461|0x000000009cd00000, 0x000000009cd00000, 0x000000009ce00000|  0%| F|  |TAMS 0x000000009cd00000| PB 0x000000009cd00000| Untracked 
| 462|0x000000009ce00000, 0x000000009ce00000, 0x000000009cf00000|  0%| F|  |TAMS 0x000000009ce00000| PB 0x000000009ce00000| Untracked 
| 463|0x000000009cf00000, 0x000000009cf00000, 0x000000009d000000|  0%| F|  |TAMS 0x000000009cf00000| PB 0x000000009cf00000| Untracked 
| 464|0x000000009d000000, 0x000000009d000000, 0x000000009d100000|  0%| F|  |TAMS 0x000000009d000000| PB 0x000000009d000000| Untracked 
| 465|0x000000009d100000, 0x000000009d100000, 0x000000009d200000|  0%| F|  |TAMS 0x000000009d100000| PB 0x000000009d100000| Untracked 
| 466|0x000000009d200000, 0x000000009d200000, 0x000000009d300000|  0%| F|  |TAMS 0x000000009d200000| PB 0x000000009d200000| Untracked 
| 467|0x000000009d300000, 0x000000009d400000, 0x000000009d400000|100%| S|CS|TAMS 0x000000009d300000| PB 0x000000009d300000| Complete 
| 468|0x000000009d400000, 0x000000009d500000, 0x000000009d500000|100%| S|CS|TAMS 0x000000009d400000| PB 0x000000009d400000| Complete 
| 469|0x000000009d500000, 0x000000009d600000, 0x000000009d600000|100%| S|CS|TAMS 0x000000009d500000| PB 0x000000009d500000| Complete 
| 470|0x000000009d600000, 0x000000009d700000, 0x000000009d700000|100%| S|CS|TAMS 0x000000009d600000| PB 0x000000009d600000| Complete 
| 471|0x000000009d700000, 0x000000009d800000, 0x000000009d800000|100%| S|CS|TAMS 0x000000009d700000| PB 0x000000009d700000| Complete 
| 472|0x000000009d800000, 0x000000009d900000, 0x000000009d900000|100%| S|CS|TAMS 0x000000009d800000| PB 0x000000009d800000| Complete 
| 473|0x000000009d900000, 0x000000009da00000, 0x000000009da00000|100%| S|CS|TAMS 0x000000009d900000| PB 0x000000009d900000| Complete 
| 474|0x000000009da00000, 0x000000009db00000, 0x000000009db00000|100%| S|CS|TAMS 0x000000009da00000| PB 0x000000009da00000| Complete 
| 475|0x000000009db00000, 0x000000009dc00000, 0x000000009dc00000|100%| S|CS|TAMS 0x000000009db00000| PB 0x000000009db00000| Complete 
| 476|0x000000009dc00000, 0x000000009dd00000, 0x000000009dd00000|100%| S|CS|TAMS 0x000000009dc00000| PB 0x000000009dc00000| Complete 
| 477|0x000000009dd00000, 0x000000009de00000, 0x000000009de00000|100%| S|CS|TAMS 0x000000009dd00000| PB 0x000000009dd00000| Complete 
| 478|0x000000009de00000, 0x000000009df00000, 0x000000009df00000|100%| S|CS|TAMS 0x000000009de00000| PB 0x000000009de00000| Complete 
| 479|0x000000009df00000, 0x000000009e000000, 0x000000009e000000|100%| S|CS|TAMS 0x000000009df00000| PB 0x000000009df00000| Complete 
| 480|0x000000009e000000, 0x000000009e100000, 0x000000009e100000|100%| S|CS|TAMS 0x000000009e000000| PB 0x000000009e000000| Complete 
| 481|0x000000009e100000, 0x000000009e200000, 0x000000009e200000|100%| S|CS|TAMS 0x000000009e100000| PB 0x000000009e100000| Complete 
| 482|0x000000009e200000, 0x000000009e300000, 0x000000009e300000|100%| S|CS|TAMS 0x000000009e200000| PB 0x000000009e200000| Complete 
| 483|0x000000009e300000, 0x000000009e400000, 0x000000009e400000|100%| S|CS|TAMS 0x000000009e300000| PB 0x000000009e300000| Complete 
| 484|0x000000009e400000, 0x000000009e500000, 0x000000009e500000|100%| S|CS|TAMS 0x000000009e400000| PB 0x000000009e400000| Complete 
| 485|0x000000009e500000, 0x000000009e600000, 0x000000009e600000|100%| S|CS|TAMS 0x000000009e500000| PB 0x000000009e500000| Complete 
| 486|0x000000009e600000, 0x000000009e700000, 0x000000009e700000|100%| S|CS|TAMS 0x000000009e600000| PB 0x000000009e600000| Complete 
| 487|0x000000009e700000, 0x000000009e800000, 0x000000009e800000|100%| S|CS|TAMS 0x000000009e700000| PB 0x000000009e700000| Complete 
| 488|0x000000009e800000, 0x000000009e900000, 0x000000009e900000|100%| S|CS|TAMS 0x000000009e800000| PB 0x000000009e800000| Complete 
| 489|0x000000009e900000, 0x000000009ea00000, 0x000000009ea00000|100%| S|CS|TAMS 0x000000009e900000| PB 0x000000009e900000| Complete 
| 490|0x000000009ea00000, 0x000000009eb00000, 0x000000009eb00000|100%| S|CS|TAMS 0x000000009ea00000| PB 0x000000009ea00000| Complete 
| 491|0x000000009eb00000, 0x000000009ec00000, 0x000000009ec00000|100%| S|CS|TAMS 0x000000009eb00000| PB 0x000000009eb00000| Complete 
| 492|0x000000009ec00000, 0x000000009ed00000, 0x000000009ed00000|100%| S|CS|TAMS 0x000000009ec00000| PB 0x000000009ec00000| Complete 
| 493|0x000000009ed00000, 0x000000009ee00000, 0x000000009ee00000|100%| S|CS|TAMS 0x000000009ed00000| PB 0x000000009ed00000| Complete 
| 494|0x000000009ee00000, 0x000000009ef00000, 0x000000009ef00000|100%| S|CS|TAMS 0x000000009ee00000| PB 0x000000009ee00000| Complete 
| 495|0x000000009ef00000, 0x000000009f000000, 0x000000009f000000|100%| S|CS|TAMS 0x000000009ef00000| PB 0x000000009ef00000| Complete 
| 496|0x000000009f000000, 0x000000009f100000, 0x000000009f100000|100%| S|CS|TAMS 0x000000009f000000| PB 0x000000009f000000| Complete 
| 497|0x000000009f100000, 0x000000009f200000, 0x000000009f200000|100%| S|CS|TAMS 0x000000009f100000| PB 0x000000009f100000| Complete 
| 498|0x000000009f200000, 0x000000009f300000, 0x000000009f300000|100%| S|CS|TAMS 0x000000009f200000| PB 0x000000009f200000| Complete 
| 499|0x000000009f300000, 0x000000009f400000, 0x000000009f400000|100%| S|CS|TAMS 0x000000009f300000| PB 0x000000009f300000| Complete 
| 500|0x000000009f400000, 0x000000009f500000, 0x000000009f500000|100%| S|CS|TAMS 0x000000009f400000| PB 0x000000009f400000| Complete 
| 501|0x000000009f500000, 0x000000009f600000, 0x000000009f600000|100%| S|CS|TAMS 0x000000009f500000| PB 0x000000009f500000| Complete 
| 502|0x000000009f600000, 0x000000009f600000, 0x000000009f700000|  0%| F|  |TAMS 0x000000009f600000| PB 0x000000009f600000| Untracked 
| 503|0x000000009f700000, 0x000000009f700000, 0x000000009f800000|  0%| F|  |TAMS 0x000000009f700000| PB 0x000000009f700000| Untracked 
| 504|0x000000009f800000, 0x000000009f800000, 0x000000009f900000|  0%| F|  |TAMS 0x000000009f800000| PB 0x000000009f800000| Untracked 
| 505|0x000000009f900000, 0x000000009f900000, 0x000000009fa00000|  0%| F|  |TAMS 0x000000009f900000| PB 0x000000009f900000| Untracked 
| 506|0x000000009fa00000, 0x000000009fa00000, 0x000000009fb00000|  0%| F|  |TAMS 0x000000009fa00000| PB 0x000000009fa00000| Untracked 
| 507|0x000000009fb00000, 0x000000009fb00000, 0x000000009fc00000|  0%| F|  |TAMS 0x000000009fb00000| PB 0x000000009fb00000| Untracked 
| 508|0x000000009fc00000, 0x000000009fc00000, 0x000000009fd00000|  0%| F|  |TAMS 0x000000009fc00000| PB 0x000000009fc00000| Untracked 
| 509|0x000000009fd00000, 0x000000009fd00000, 0x000000009fe00000|  0%| F|  |TAMS 0x000000009fd00000| PB 0x000000009fd00000| Untracked 
| 510|0x000000009fe00000, 0x000000009fe00000, 0x000000009ff00000|  0%| F|  |TAMS 0x000000009fe00000| PB 0x000000009fe00000| Untracked 
| 511|0x000000009ff00000, 0x000000009ff00000, 0x00000000a0000000|  0%| F|  |TAMS 0x000000009ff00000| PB 0x000000009ff00000| Untracked 
| 512|0x00000000a0000000, 0x00000000a0000000, 0x00000000a0100000|  0%| F|  |TAMS 0x00000000a0000000| PB 0x00000000a0000000| Untracked 
| 513|0x00000000a0100000, 0x00000000a0100000, 0x00000000a0200000|  0%| F|  |TAMS 0x00000000a0100000| PB 0x00000000a0100000| Untracked 
| 514|0x00000000a0200000, 0x00000000a0200000, 0x00000000a0300000|  0%| F|  |TAMS 0x00000000a0200000| PB 0x00000000a0200000| Untracked 
| 515|0x00000000a0300000, 0x00000000a0300000, 0x00000000a0400000|  0%| F|  |TAMS 0x00000000a0300000| PB 0x00000000a0300000| Untracked 
| 516|0x00000000a0400000, 0x00000000a0400000, 0x00000000a0500000|  0%| F|  |TAMS 0x00000000a0400000| PB 0x00000000a0400000| Untracked 
| 517|0x00000000a0500000, 0x00000000a0500000, 0x00000000a0600000|  0%| F|  |TAMS 0x00000000a0500000| PB 0x00000000a0500000| Untracked 
| 518|0x00000000a0600000, 0x00000000a0600000, 0x00000000a0700000|  0%| F|  |TAMS 0x00000000a0600000| PB 0x00000000a0600000| Untracked 
| 519|0x00000000a0700000, 0x00000000a0700000, 0x00000000a0800000|  0%| F|  |TAMS 0x00000000a0700000| PB 0x00000000a0700000| Untracked 
| 520|0x00000000a0800000, 0x00000000a0800000, 0x00000000a0900000|  0%| F|  |TAMS 0x00000000a0800000| PB 0x00000000a0800000| Untracked 
| 521|0x00000000a0900000, 0x00000000a0900000, 0x00000000a0a00000|  0%| F|  |TAMS 0x00000000a0900000| PB 0x00000000a0900000| Untracked 
| 522|0x00000000a0a00000, 0x00000000a0a00000, 0x00000000a0b00000|  0%| F|  |TAMS 0x00000000a0a00000| PB 0x00000000a0a00000| Untracked 
| 523|0x00000000a0b00000, 0x00000000a0b00000, 0x00000000a0c00000|  0%| F|  |TAMS 0x00000000a0b00000| PB 0x00000000a0b00000| Untracked 
| 524|0x00000000a0c00000, 0x00000000a0c00000, 0x00000000a0d00000|  0%| F|  |TAMS 0x00000000a0c00000| PB 0x00000000a0c00000| Untracked 
| 525|0x00000000a0d00000, 0x00000000a0d00000, 0x00000000a0e00000|  0%| F|  |TAMS 0x00000000a0d00000| PB 0x00000000a0d00000| Untracked 
| 526|0x00000000a0e00000, 0x00000000a0e00000, 0x00000000a0f00000|  0%| F|  |TAMS 0x00000000a0e00000| PB 0x00000000a0e00000| Untracked 
| 527|0x00000000a0f00000, 0x00000000a0f00000, 0x00000000a1000000|  0%| F|  |TAMS 0x00000000a0f00000| PB 0x00000000a0f00000| Untracked 
| 528|0x00000000a1000000, 0x00000000a1000000, 0x00000000a1100000|  0%| F|  |TAMS 0x00000000a1000000| PB 0x00000000a1000000| Untracked 
| 529|0x00000000a1100000, 0x00000000a1100000, 0x00000000a1200000|  0%| F|  |TAMS 0x00000000a1100000| PB 0x00000000a1100000| Untracked 
| 530|0x00000000a1200000, 0x00000000a1200000, 0x00000000a1300000|  0%| F|  |TAMS 0x00000000a1200000| PB 0x00000000a1200000| Untracked 
| 531|0x00000000a1300000, 0x00000000a1300000, 0x00000000a1400000|  0%| F|  |TAMS 0x00000000a1300000| PB 0x00000000a1300000| Untracked 
| 532|0x00000000a1400000, 0x00000000a1400000, 0x00000000a1500000|  0%| F|  |TAMS 0x00000000a1400000| PB 0x00000000a1400000| Untracked 
| 533|0x00000000a1500000, 0x00000000a1500000, 0x00000000a1600000|  0%| F|  |TAMS 0x00000000a1500000| PB 0x00000000a1500000| Untracked 
| 534|0x00000000a1600000, 0x00000000a1600000, 0x00000000a1700000|  0%| F|  |TAMS 0x00000000a1600000| PB 0x00000000a1600000| Untracked 
| 535|0x00000000a1700000, 0x00000000a1700000, 0x00000000a1800000|  0%| F|  |TAMS 0x00000000a1700000| PB 0x00000000a1700000| Untracked 
| 536|0x00000000a1800000, 0x00000000a1800000, 0x00000000a1900000|  0%| F|  |TAMS 0x00000000a1800000| PB 0x00000000a1800000| Untracked 
| 537|0x00000000a1900000, 0x00000000a1900000, 0x00000000a1a00000|  0%| F|  |TAMS 0x00000000a1900000| PB 0x00000000a1900000| Untracked 
| 538|0x00000000a1a00000, 0x00000000a1a00000, 0x00000000a1b00000|  0%| F|  |TAMS 0x00000000a1a00000| PB 0x00000000a1a00000| Untracked 
| 539|0x00000000a1b00000, 0x00000000a1b00000, 0x00000000a1c00000|  0%| F|  |TAMS 0x00000000a1b00000| PB 0x00000000a1b00000| Untracked 
| 540|0x00000000a1c00000, 0x00000000a1c00000, 0x00000000a1d00000|  0%| F|  |TAMS 0x00000000a1c00000| PB 0x00000000a1c00000| Untracked 
| 541|0x00000000a1d00000, 0x00000000a1d00000, 0x00000000a1e00000|  0%| F|  |TAMS 0x00000000a1d00000| PB 0x00000000a1d00000| Untracked 
| 542|0x00000000a1e00000, 0x00000000a1e00000, 0x00000000a1f00000|  0%| F|  |TAMS 0x00000000a1e00000| PB 0x00000000a1e00000| Untracked 
| 543|0x00000000a1f00000, 0x00000000a1f00000, 0x00000000a2000000|  0%| F|  |TAMS 0x00000000a1f00000| PB 0x00000000a1f00000| Untracked 
| 544|0x00000000a2000000, 0x00000000a2000000, 0x00000000a2100000|  0%| F|  |TAMS 0x00000000a2000000| PB 0x00000000a2000000| Untracked 
| 545|0x00000000a2100000, 0x00000000a2100000, 0x00000000a2200000|  0%| F|  |TAMS 0x00000000a2100000| PB 0x00000000a2100000| Untracked 
| 546|0x00000000a2200000, 0x00000000a2200000, 0x00000000a2300000|  0%| F|  |TAMS 0x00000000a2200000| PB 0x00000000a2200000| Untracked 
| 547|0x00000000a2300000, 0x00000000a2300000, 0x00000000a2400000|  0%| F|  |TAMS 0x00000000a2300000| PB 0x00000000a2300000| Untracked 
| 548|0x00000000a2400000, 0x00000000a2400000, 0x00000000a2500000|  0%| F|  |TAMS 0x00000000a2400000| PB 0x00000000a2400000| Untracked 
| 549|0x00000000a2500000, 0x00000000a2500000, 0x00000000a2600000|  0%| F|  |TAMS 0x00000000a2500000| PB 0x00000000a2500000| Untracked 
| 550|0x00000000a2600000, 0x00000000a2600000, 0x00000000a2700000|  0%| F|  |TAMS 0x00000000a2600000| PB 0x00000000a2600000| Untracked 
| 551|0x00000000a2700000, 0x00000000a2700000, 0x00000000a2800000|  0%| F|  |TAMS 0x00000000a2700000| PB 0x00000000a2700000| Untracked 
| 552|0x00000000a2800000, 0x00000000a2800000, 0x00000000a2900000|  0%| F|  |TAMS 0x00000000a2800000| PB 0x00000000a2800000| Untracked 
| 553|0x00000000a2900000, 0x00000000a2900000, 0x00000000a2a00000|  0%| F|  |TAMS 0x00000000a2900000| PB 0x00000000a2900000| Untracked 
| 554|0x00000000a2a00000, 0x00000000a2a00000, 0x00000000a2b00000|  0%| F|  |TAMS 0x00000000a2a00000| PB 0x00000000a2a00000| Untracked 
| 555|0x00000000a2b00000, 0x00000000a2b00000, 0x00000000a2c00000|  0%| F|  |TAMS 0x00000000a2b00000| PB 0x00000000a2b00000| Untracked 
| 556|0x00000000a2c00000, 0x00000000a2c00000, 0x00000000a2d00000|  0%| F|  |TAMS 0x00000000a2c00000| PB 0x00000000a2c00000| Untracked 
| 557|0x00000000a2d00000, 0x00000000a2d00000, 0x00000000a2e00000|  0%| F|  |TAMS 0x00000000a2d00000| PB 0x00000000a2d00000| Untracked 
| 558|0x00000000a2e00000, 0x00000000a2e00000, 0x00000000a2f00000|  0%| F|  |TAMS 0x00000000a2e00000| PB 0x00000000a2e00000| Untracked 
| 559|0x00000000a2f00000, 0x00000000a2f00000, 0x00000000a3000000|  0%| F|  |TAMS 0x00000000a2f00000| PB 0x00000000a2f00000| Untracked 
| 560|0x00000000a3000000, 0x00000000a3000000, 0x00000000a3100000|  0%| F|  |TAMS 0x00000000a3000000| PB 0x00000000a3000000| Untracked 
| 561|0x00000000a3100000, 0x00000000a3100000, 0x00000000a3200000|  0%| F|  |TAMS 0x00000000a3100000| PB 0x00000000a3100000| Untracked 
| 562|0x00000000a3200000, 0x00000000a3200000, 0x00000000a3300000|  0%| F|  |TAMS 0x00000000a3200000| PB 0x00000000a3200000| Untracked 
| 563|0x00000000a3300000, 0x00000000a3300000, 0x00000000a3400000|  0%| F|  |TAMS 0x00000000a3300000| PB 0x00000000a3300000| Untracked 
| 564|0x00000000a3400000, 0x00000000a3400000, 0x00000000a3500000|  0%| F|  |TAMS 0x00000000a3400000| PB 0x00000000a3400000| Untracked 
| 565|0x00000000a3500000, 0x00000000a3500000, 0x00000000a3600000|  0%| F|  |TAMS 0x00000000a3500000| PB 0x00000000a3500000| Untracked 
| 566|0x00000000a3600000, 0x00000000a3600000, 0x00000000a3700000|  0%| F|  |TAMS 0x00000000a3600000| PB 0x00000000a3600000| Untracked 
| 567|0x00000000a3700000, 0x00000000a3700000, 0x00000000a3800000|  0%| F|  |TAMS 0x00000000a3700000| PB 0x00000000a3700000| Untracked 
| 568|0x00000000a3800000, 0x00000000a3800000, 0x00000000a3900000|  0%| F|  |TAMS 0x00000000a3800000| PB 0x00000000a3800000| Untracked 
| 569|0x00000000a3900000, 0x00000000a3900000, 0x00000000a3a00000|  0%| F|  |TAMS 0x00000000a3900000| PB 0x00000000a3900000| Untracked 
| 570|0x00000000a3a00000, 0x00000000a3a00000, 0x00000000a3b00000|  0%| F|  |TAMS 0x00000000a3a00000| PB 0x00000000a3a00000| Untracked 
| 571|0x00000000a3b00000, 0x00000000a3b00000, 0x00000000a3c00000|  0%| F|  |TAMS 0x00000000a3b00000| PB 0x00000000a3b00000| Untracked 
| 572|0x00000000a3c00000, 0x00000000a3c00000, 0x00000000a3d00000|  0%| F|  |TAMS 0x00000000a3c00000| PB 0x00000000a3c00000| Untracked 
| 573|0x00000000a3d00000, 0x00000000a3d00000, 0x00000000a3e00000|  0%| F|  |TAMS 0x00000000a3d00000| PB 0x00000000a3d00000| Untracked 
| 574|0x00000000a3e00000, 0x00000000a3e00000, 0x00000000a3f00000|  0%| F|  |TAMS 0x00000000a3e00000| PB 0x00000000a3e00000| Untracked 
| 575|0x00000000a3f00000, 0x00000000a3f00000, 0x00000000a4000000|  0%| F|  |TAMS 0x00000000a3f00000| PB 0x00000000a3f00000| Untracked 
| 576|0x00000000a4000000, 0x00000000a4000000, 0x00000000a4100000|  0%| F|  |TAMS 0x00000000a4000000| PB 0x00000000a4000000| Untracked 
| 577|0x00000000a4100000, 0x00000000a4100000, 0x00000000a4200000|  0%| F|  |TAMS 0x00000000a4100000| PB 0x00000000a4100000| Untracked 
| 578|0x00000000a4200000, 0x00000000a4200000, 0x00000000a4300000|  0%| F|  |TAMS 0x00000000a4200000| PB 0x00000000a4200000| Untracked 
| 579|0x00000000a4300000, 0x00000000a4300000, 0x00000000a4400000|  0%| F|  |TAMS 0x00000000a4300000| PB 0x00000000a4300000| Untracked 
| 580|0x00000000a4400000, 0x00000000a4400000, 0x00000000a4500000|  0%| F|  |TAMS 0x00000000a4400000| PB 0x00000000a4400000| Untracked 
| 581|0x00000000a4500000, 0x00000000a4500000, 0x00000000a4600000|  0%| F|  |TAMS 0x00000000a4500000| PB 0x00000000a4500000| Untracked 
| 582|0x00000000a4600000, 0x00000000a4600000, 0x00000000a4700000|  0%| F|  |TAMS 0x00000000a4600000| PB 0x00000000a4600000| Untracked 
| 583|0x00000000a4700000, 0x00000000a4700000, 0x00000000a4800000|  0%| F|  |TAMS 0x00000000a4700000| PB 0x00000000a4700000| Untracked 
| 584|0x00000000a4800000, 0x00000000a4800000, 0x00000000a4900000|  0%| F|  |TAMS 0x00000000a4800000| PB 0x00000000a4800000| Untracked 
| 585|0x00000000a4900000, 0x00000000a4900000, 0x00000000a4a00000|  0%| F|  |TAMS 0x00000000a4900000| PB 0x00000000a4900000| Untracked 
| 586|0x00000000a4a00000, 0x00000000a4a00000, 0x00000000a4b00000|  0%| F|  |TAMS 0x00000000a4a00000| PB 0x00000000a4a00000| Untracked 
| 587|0x00000000a4b00000, 0x00000000a4b00000, 0x00000000a4c00000|  0%| F|  |TAMS 0x00000000a4b00000| PB 0x00000000a4b00000| Untracked 
| 588|0x00000000a4c00000, 0x00000000a4c00000, 0x00000000a4d00000|  0%| F|  |TAMS 0x00000000a4c00000| PB 0x00000000a4c00000| Untracked 
| 589|0x00000000a4d00000, 0x00000000a4d00000, 0x00000000a4e00000|  0%| F|  |TAMS 0x00000000a4d00000| PB 0x00000000a4d00000| Untracked 
| 590|0x00000000a4e00000, 0x00000000a4e00000, 0x00000000a4f00000|  0%| F|  |TAMS 0x00000000a4e00000| PB 0x00000000a4e00000| Untracked 
| 591|0x00000000a4f00000, 0x00000000a4f00000, 0x00000000a5000000|  0%| F|  |TAMS 0x00000000a4f00000| PB 0x00000000a4f00000| Untracked 
| 592|0x00000000a5000000, 0x00000000a5000000, 0x00000000a5100000|  0%| F|  |TAMS 0x00000000a5000000| PB 0x00000000a5000000| Untracked 
| 593|0x00000000a5100000, 0x00000000a5100000, 0x00000000a5200000|  0%| F|  |TAMS 0x00000000a5100000| PB 0x00000000a5100000| Untracked 
| 594|0x00000000a5200000, 0x00000000a5200000, 0x00000000a5300000|  0%| F|  |TAMS 0x00000000a5200000| PB 0x00000000a5200000| Untracked 
| 595|0x00000000a5300000, 0x00000000a5300000, 0x00000000a5400000|  0%| F|  |TAMS 0x00000000a5300000| PB 0x00000000a5300000| Untracked 
| 596|0x00000000a5400000, 0x00000000a5400000, 0x00000000a5500000|  0%| F|  |TAMS 0x00000000a5400000| PB 0x00000000a5400000| Untracked 
|2005|0x00000000fd500000, 0x00000000fd600000, 0x00000000fd600000|100%| O|  |TAMS 0x00000000fd5bf220| PB 0x00000000fd500000| Untracked 
|2006|0x00000000fd600000, 0x00000000fd700000, 0x00000000fd700000|100%| O|  |TAMS 0x00000000fd700000| PB 0x00000000fd600000| Untracked 
|2007|0x00000000fd700000, 0x00000000fd800000, 0x00000000fd800000|100%| O|  |TAMS 0x00000000fd800000| PB 0x00000000fd700000| Untracked 
|2008|0x00000000fd800000, 0x00000000fd900000, 0x00000000fd900000|100%| O|  |TAMS 0x00000000fd900000| PB 0x00000000fd800000| Untracked 
|2009|0x00000000fd900000, 0x00000000fda00000, 0x00000000fda00000|100%| O|  |TAMS 0x00000000fda00000| PB 0x00000000fd900000| Untracked 
|2010|0x00000000fda00000, 0x00000000fdb00000, 0x00000000fdb00000|100%| O|  |TAMS 0x00000000fdb00000| PB 0x00000000fda00000| Untracked 
|2011|0x00000000fdb00000, 0x00000000fdc00000, 0x00000000fdc00000|100%| O|  |TAMS 0x00000000fdc00000| PB 0x00000000fdb00000| Untracked 
|2012|0x00000000fdc00000, 0x00000000fdc00000, 0x00000000fdd00000|  0%| F|  |TAMS 0x00000000fdc00000| PB 0x00000000fdc00000| Untracked 
|2013|0x00000000fdd00000, 0x00000000fdd00000, 0x00000000fde00000|  0%| F|  |TAMS 0x00000000fdd00000| PB 0x00000000fdd00000| Untracked 
|2014|0x00000000fde00000, 0x00000000fde00000, 0x00000000fdf00000|  0%| F|  |TAMS 0x00000000fde00000| PB 0x00000000fde00000| Untracked 
|2015|0x00000000fdf00000, 0x00000000fdf00000, 0x00000000fe000000|  0%| F|  |TAMS 0x00000000fdf00000| PB 0x00000000fdf00000| Untracked 
|2016|0x00000000fe000000, 0x00000000fe000000, 0x00000000fe100000|  0%| F|  |TAMS 0x00000000fe000000| PB 0x00000000fe000000| Untracked 
|2017|0x00000000fe100000, 0x00000000fe100000, 0x00000000fe200000|  0%| F|  |TAMS 0x00000000fe100000| PB 0x00000000fe100000| Untracked 
|2018|0x00000000fe200000, 0x00000000fe200000, 0x00000000fe300000|  0%| F|  |TAMS 0x00000000fe200000| PB 0x00000000fe200000| Untracked 
|2019|0x00000000fe300000, 0x00000000fe300000, 0x00000000fe400000|  0%| F|  |TAMS 0x00000000fe300000| PB 0x00000000fe300000| Untracked 
|2020|0x00000000fe400000, 0x00000000fe400000, 0x00000000fe500000|  0%| F|  |TAMS 0x00000000fe400000| PB 0x00000000fe400000| Untracked 
|2021|0x00000000fe500000, 0x00000000fe500000, 0x00000000fe600000|  0%| F|  |TAMS 0x00000000fe500000| PB 0x00000000fe500000| Untracked 
|2022|0x00000000fe600000, 0x00000000fe600000, 0x00000000fe700000|  0%| F|  |TAMS 0x00000000fe600000| PB 0x00000000fe600000| Untracked 
|2023|0x00000000fe700000, 0x00000000fe700000, 0x00000000fe800000|  0%| F|  |TAMS 0x00000000fe700000| PB 0x00000000fe700000| Untracked 
|2024|0x00000000fe800000, 0x00000000fe800000, 0x00000000fe900000|  0%| F|  |TAMS 0x00000000fe800000| PB 0x00000000fe800000| Untracked 
|2025|0x00000000fe900000, 0x00000000fe900000, 0x00000000fea00000|  0%| F|  |TAMS 0x00000000fe900000| PB 0x00000000fe900000| Untracked 
|2026|0x00000000fea00000, 0x00000000fea00000, 0x00000000feb00000|  0%| F|  |TAMS 0x00000000fea00000| PB 0x00000000fea00000| Untracked 
|2027|0x00000000feb00000, 0x00000000feb00000, 0x00000000fec00000|  0%| F|  |TAMS 0x00000000feb00000| PB 0x00000000feb00000| Untracked 
|2028|0x00000000fec00000, 0x00000000fec00000, 0x00000000fed00000|  0%| F|  |TAMS 0x00000000fec00000| PB 0x00000000fec00000| Untracked 
|2029|0x00000000fed00000, 0x00000000fed00000, 0x00000000fee00000|  0%| F|  |TAMS 0x00000000fed00000| PB 0x00000000fed00000| Untracked 
|2030|0x00000000fee00000, 0x00000000fee00000, 0x00000000fef00000|  0%| F|  |TAMS 0x00000000fee00000| PB 0x00000000fee00000| Untracked 
|2031|0x00000000fef00000, 0x00000000fef00000, 0x00000000ff000000|  0%| F|  |TAMS 0x00000000fef00000| PB 0x00000000fef00000| Untracked 
|2032|0x00000000ff000000, 0x00000000ff000000, 0x00000000ff100000|  0%| F|  |TAMS 0x00000000ff000000| PB 0x00000000ff000000| Untracked 
|2033|0x00000000ff100000, 0x00000000ff100000, 0x00000000ff200000|  0%| F|  |TAMS 0x00000000ff100000| PB 0x00000000ff100000| Untracked 
|2034|0x00000000ff200000, 0x00000000ff200000, 0x00000000ff300000|  0%| F|  |TAMS 0x00000000ff200000| PB 0x00000000ff200000| Untracked 
|2035|0x00000000ff300000, 0x00000000ff400000, 0x00000000ff400000|100%| O|  |TAMS 0x00000000ff400000| PB 0x00000000ff300000| Untracked 
|2036|0x00000000ff400000, 0x00000000ff500000, 0x00000000ff500000|100%| O|  |TAMS 0x00000000ff500000| PB 0x00000000ff400000| Untracked 
|2037|0x00000000ff500000, 0x00000000ff600000, 0x00000000ff600000|100%| O|  |TAMS 0x00000000ff600000| PB 0x00000000ff500000| Untracked 
|2038|0x00000000ff600000, 0x00000000ff600000, 0x00000000ff700000|  0%| F|  |TAMS 0x00000000ff600000| PB 0x00000000ff600000| Untracked 
|2039|0x00000000ff700000, 0x00000000ff800000, 0x00000000ff800000|100%| O|  |TAMS 0x00000000ff800000| PB 0x00000000ff700000| Untracked 
|2040|0x00000000ff800000, 0x00000000ff900000, 0x00000000ff900000|100%| O|  |TAMS 0x00000000ff900000| PB 0x00000000ff800000| Untracked 
|2041|0x00000000ff900000, 0x00000000ffa00000, 0x00000000ffa00000|100%| O|  |TAMS 0x00000000ffa00000| PB 0x00000000ff900000| Untracked 
|2042|0x00000000ffa00000, 0x00000000ffb00000, 0x00000000ffb00000|100%| O|  |TAMS 0x00000000ffb00000| PB 0x00000000ffa00000| Untracked 
|2043|0x00000000ffb00000, 0x00000000ffc00000, 0x00000000ffc00000|100%| O|  |TAMS 0x00000000ffc00000| PB 0x00000000ffb00000| Untracked 
|2044|0x00000000ffc00000, 0x00000000ffd00000, 0x00000000ffd00000|100%| O|  |TAMS 0x00000000ffd00000| PB 0x00000000ffc00000| Untracked 
|2045|0x00000000ffd00000, 0x00000000ffe00000, 0x00000000ffe00000|100%| O|  |TAMS 0x00000000ffe00000| PB 0x00000000ffd00000| Untracked 
|2046|0x00000000ffe00000, 0x00000000fff00000, 0x00000000fff00000|100%| O|  |TAMS 0x00000000fff00000| PB 0x00000000ffe00000| Untracked 
|2047|0x00000000fff00000, 0x00000000fff00000, 0x0000000100000000|  0%| F|  |TAMS 0x00000000fff00000| PB 0x00000000fff00000| Untracked 

Card table byte_map: [0x000002405a550000,0x000002405a950000] _byte_map_base: 0x000002405a150000

Marking Bits: (CMBitMap*) 0x0000024045cf1fe0
 Bits: [0x000002405a950000, 0x000002405c950000)

Polling page: 0x0000024045990000

Metaspace:

Usage:
  Non-class:    149.57 MB used.
      Class:     24.28 MB used.
       Both:    173.86 MB used.

Virtual space:
  Non-class space:      192.00 MB reserved,     150.88 MB ( 79%) committed,  3 nodes.
      Class space:        1.00 GB reserved,      25.56 MB (  2%) committed,  1 nodes.
             Both:        1.19 GB reserved,     176.44 MB ( 15%) committed. 

Chunk freelists:
   Non-Class:  8.47 MB
       Class:  6.50 MB
        Both:  14.96 MB

MaxMetaspaceSize: unlimited
CompressedClassSpaceSize: 1.00 GB
Initial GC threshold: 21.00 MB
Current GC threshold: 291.88 MB
CDS: off
 - commit_granule_bytes: 65536.
 - commit_granule_words: 8192.
 - virtual_space_node_default_size: 8388608.
 - enlarge_chunks_in_place: 1.
 - use_allocation_guard: 0.


Internal statistics:

num_allocs_failed_limit: 9.
num_arena_births: 5314.
num_arena_deaths: 150.
num_vsnodes_births: 4.
num_vsnodes_deaths: 0.
num_space_committed: 2823.
num_space_uncommitted: 2.
num_chunks_returned_to_freelist: 238.
num_chunks_taken_from_freelist: 13083.
num_chunk_merges: 82.
num_chunk_splits: 8509.
num_chunks_enlarged: 5452.
num_inconsistent_stats: 0.

CodeHeap 'non-profiled nmethods': size=120000Kb used=18240Kb max_used=22720Kb free=101759Kb
 bounds [0x0000024051f90000, 0x00000240535d0000, 0x00000240594c0000]
CodeHeap 'profiled nmethods': size=120000Kb used=36067Kb max_used=46374Kb free=83932Kb
 bounds [0x000002404a4c0000, 0x000002404d280000, 0x00000240519f0000]
CodeHeap 'non-nmethods': size=5760Kb used=2185Kb max_used=2246Kb free=3574Kb
 bounds [0x00000240519f0000, 0x0000024051c60000, 0x0000024051f90000]
CodeCache: size=245760Kb, used=56492Kb, max_used=71340Kb, free=189265Kb
 total_blobs=19210, nmethods=18172, adapters=941, full_count=0
Compilation: enabled, stopped_count=0, restarted_count=0

Compilation events (20 events):
Event: 416.027 Thread 0x000002405f7307e0 32355       1       com.android.tools.lint.model.DefaultLintModelAndroidLibrary::getProvided (5 bytes)
Event: 416.027 Thread 0x000002405f7307e0 nmethod 32355 0x000002405240ce10 code [0x000002405240cfa0, 0x000002405240d070]
Event: 416.027 Thread 0x000002405f7307e0 32356       1       com.android.tools.lint.model.DefaultLintModelAndroidLibrary::getManifest (5 bytes)
Event: 416.027 Thread 0x000002405f7307e0 nmethod 32356 0x000002405240e590 code [0x000002405240e720, 0x000002405240e7e8]
Event: 416.027 Thread 0x000002405f7307e0 32357       1       com.android.tools.lint.model.DefaultLintModelAndroidLibrary::getResFolder (5 bytes)
Event: 416.027 Thread 0x000002405f7307e0 nmethod 32357 0x0000024052411110 code [0x00000240524112a0, 0x0000024052411368]
Event: 416.027 Thread 0x000002405f7307e0 32358       1       com.android.tools.lint.model.DefaultLintModelAndroidLibrary::getAssetsFolder (5 bytes)
Event: 416.027 Thread 0x000002405f7307e0 nmethod 32358 0x0000024052418610 code [0x00000240524187a0, 0x0000024052418868]
Event: 416.027 Thread 0x000002405f7307e0 32359       1       com.android.tools.lint.model.DefaultLintModelAndroidLibrary::getLintJar (5 bytes)
Event: 416.027 Thread 0x000002405f7307e0 nmethod 32359 0x0000024052419a90 code [0x0000024052419c20, 0x0000024052419ce8]
Event: 416.027 Thread 0x000002405f7307e0 32360       1       com.android.tools.lint.model.DefaultLintModelAndroidLibrary::getPublicResources (5 bytes)
Event: 416.027 Thread 0x000002405f7307e0 nmethod 32360 0x000002405241a090 code [0x000002405241a220, 0x000002405241a2e8]
Event: 416.027 Thread 0x000002405f7307e0 32361       1       com.android.tools.lint.model.DefaultLintModelAndroidLibrary::getSymbolFile (5 bytes)
Event: 416.027 Thread 0x000002405f7307e0 nmethod 32361 0x000002405241db10 code [0x000002405241dca0, 0x000002405241dd68]
Event: 416.027 Thread 0x000002405f7307e0 32362       1       com.android.tools.lint.model.DefaultLintModelAndroidLibrary::getExternalAnnotations (5 bytes)
Event: 416.027 Thread 0x000002405f7307e0 nmethod 32362 0x000002405241ef10 code [0x000002405241f0a0, 0x000002405241f168]
Event: 416.027 Thread 0x000002405f7307e0 32363       1       com.android.tools.lint.model.DefaultLintModelAndroidLibrary::getProguardRules (5 bytes)
Event: 416.027 Thread 0x000002405f7307e0 nmethod 32363 0x000002405241f510 code [0x000002405241f6a0, 0x000002405241f768]
Event: 416.027 Thread 0x000002405f7307e0 32365       3       com.android.tools.r8.graph.j2$b$a::<init> (15 bytes)
Event: 416.027 Thread 0x000002405f7307e0 nmethod 32365 0x000002404b06d810 code [0x000002404b06d9c0, 0x000002404b06dbe8]

GC Heap History (20 events):
Event: 409.493 GC heap after
{Heap after GC invocations=84 (full 0):
 garbage-first heap   total 619520K, used 277928K [0x0000000080000000, 0x0000000100000000)
  region size 1024K, 27 young (27648K), 27 survivors (27648K)
 Metaspace       used 149152K, committed 151680K, reserved 1179648K
  class space    used 20169K, committed 21376K, reserved 1048576K
}
Event: 412.433 GC heap before
{Heap before GC invocations=85 (full 0):
 garbage-first heap   total 619520K, used 532904K [0x0000000080000000, 0x0000000100000000)
  region size 1024K, 286 young (292864K), 27 survivors (27648K)
 Metaspace       used 158963K, committed 161600K, reserved 1245184K
  class space    used 21546K, committed 22848K, reserved 1048576K
}
Event: 412.449 GC heap after
{Heap after GC invocations=86 (full 0):
 garbage-first heap   total 619520K, used 269804K [0x0000000080000000, 0x0000000100000000)
  region size 1024K, 23 young (23552K), 23 survivors (23552K)
 Metaspace       used 158963K, committed 161600K, reserved 1245184K
  class space    used 21546K, committed 22848K, reserved 1048576K
}
Event: 413.919 GC heap before
{Heap before GC invocations=86 (full 0):
 garbage-first heap   total 619520K, used 541164K [0x0000000080000000, 0x0000000100000000)
  region size 1024K, 289 young (295936K), 23 survivors (23552K)
 Metaspace       used 175795K, committed 178496K, reserved 1245184K
  class space    used 24516K, committed 25856K, reserved 1048576K
}
Event: 413.938 GC heap after
{Heap after GC invocations=87 (full 0):
 garbage-first heap   total 619520K, used 241810K [0x0000000080000000, 0x0000000100000000)
  region size 1024K, 17 young (17408K), 17 survivors (17408K)
 Metaspace       used 175795K, committed 178496K, reserved 1245184K
  class space    used 24516K, committed 25856K, reserved 1048576K
}
Event: 414.381 GC heap before
{Heap before GC invocations=87 (full 0):
 garbage-first heap   total 619520K, used 566418K [0x0000000080000000, 0x0000000100000000)
  region size 1024K, 309 young (316416K), 17 survivors (17408K)
 Metaspace       used 176343K, committed 179008K, reserved 1245184K
  class space    used 24551K, committed 25856K, reserved 1048576K
}
Event: 414.387 GC heap after
{Heap after GC invocations=88 (full 0):
 garbage-first heap   total 619520K, used 259389K [0x0000000080000000, 0x0000000100000000)
  region size 1024K, 13 young (13312K), 13 survivors (13312K)
 Metaspace       used 176343K, committed 179008K, reserved 1245184K
  class space    used 24551K, committed 25856K, reserved 1048576K
}
Event: 414.498 GC heap before
{Heap before GC invocations=88 (full 0):
 garbage-first heap   total 619520K, used 416061K [0x0000000080000000, 0x0000000100000000)
  region size 1024K, 165 young (168960K), 13 survivors (13312K)
 Metaspace       used 176782K, committed 179456K, reserved 1245184K
  class space    used 24617K, committed 25920K, reserved 1048576K
}
Event: 414.504 GC heap after
{Heap after GC invocations=89 (full 0):
 garbage-first heap   total 619520K, used 263892K [0x0000000080000000, 0x0000000100000000)
  region size 1024K, 14 young (14336K), 14 survivors (14336K)
 Metaspace       used 176782K, committed 179456K, reserved 1245184K
  class space    used 24617K, committed 25920K, reserved 1048576K
}
Event: 414.793 GC heap before
{Heap before GC invocations=90 (full 0):
 garbage-first heap   total 619520K, used 618196K [0x0000000080000000, 0x0000000100000000)
  region size 1024K, 307 young (314368K), 14 survivors (14336K)
 Metaspace       used 176523K, committed 179328K, reserved 1245184K
  class space    used 24593K, committed 25920K, reserved 1048576K
}
Event: 414.806 GC heap after
{Heap after GC invocations=91 (full 0):
 garbage-first heap   total 648192K, used 295240K [0x0000000080000000, 0x0000000100000000)
  region size 1024K, 28 young (28672K), 28 survivors (28672K)
 Metaspace       used 176523K, committed 179328K, reserved 1245184K
  class space    used 24593K, committed 25920K, reserved 1048576K
}
Event: 414.994 GC heap before
{Heap before GC invocations=91 (full 0):
 garbage-first heap   total 648192K, used 594248K [0x0000000080000000, 0x0000000100000000)
  region size 1024K, 317 young (324608K), 28 survivors (28672K)
 Metaspace       used 176524K, committed 179328K, reserved 1245184K
  class space    used 24593K, committed 25920K, reserved 1048576K
}
Event: 415.014 GC heap after
{Heap after GC invocations=92 (full 0):
 garbage-first heap   total 648192K, used 289128K [0x0000000080000000, 0x0000000100000000)
  region size 1024K, 32 young (32768K), 32 survivors (32768K)
 Metaspace       used 176524K, committed 179328K, reserved 1245184K
  class space    used 24593K, committed 25920K, reserved 1048576K
}
Event: 415.045 GC heap before
{Heap before GC invocations=92 (full 0):
 garbage-first heap   total 648192K, used 349544K [0x0000000080000000, 0x0000000100000000)
  region size 1024K, 92 young (94208K), 32 survivors (32768K)
 Metaspace       used 176524K, committed 179328K, reserved 1245184K
  class space    used 24593K, committed 25920K, reserved 1048576K
}
Event: 415.062 GC heap after
{Heap after GC invocations=93 (full 0):
 garbage-first heap   total 648192K, used 293911K [0x0000000080000000, 0x0000000100000000)
  region size 1024K, 18 young (18432K), 18 survivors (18432K)
 Metaspace       used 176524K, committed 179328K, reserved 1245184K
  class space    used 24593K, committed 25920K, reserved 1048576K
}
Event: 415.288 GC heap before
{Heap before GC invocations=94 (full 0):
 garbage-first heap   total 648192K, used 577559K [0x0000000080000000, 0x0000000100000000)
  region size 1024K, 295 young (302080K), 18 survivors (18432K)
 Metaspace       used 176659K, committed 179392K, reserved 1245184K
  class space    used 24661K, committed 25984K, reserved 1048576K
}
Event: 415.307 GC heap after
{Heap after GC invocations=95 (full 0):
 garbage-first heap   total 648192K, used 304113K [0x0000000080000000, 0x0000000100000000)
  region size 1024K, 27 young (27648K), 27 survivors (27648K)
 Metaspace       used 176659K, committed 179392K, reserved 1245184K
  class space    used 24661K, committed 25984K, reserved 1048576K
}
Event: 415.619 GC heap before
{Heap before GC invocations=95 (full 0):
 garbage-first heap   total 648192K, used 584689K [0x0000000080000000, 0x0000000100000000)
  region size 1024K, 302 young (309248K), 27 survivors (27648K)
 Metaspace       used 177667K, committed 180288K, reserved 1245184K
  class space    used 24829K, committed 26112K, reserved 1048576K
}
Event: 415.654 GC heap after
{Heap after GC invocations=96 (full 0):
 garbage-first heap   total 655360K, used 332540K [0x0000000080000000, 0x0000000100000000)
  region size 1024K, 38 young (38912K), 38 survivors (38912K)
 Metaspace       used 177667K, committed 180288K, reserved 1245184K
  class space    used 24829K, committed 26112K, reserved 1048576K
}
Event: 416.030 GC heap before
{Heap before GC invocations=96 (full 0):
 garbage-first heap   total 655360K, used 453372K [0x0000000080000000, 0x0000000100000000)
  region size 1024K, 158 young (161792K), 38 survivors (38912K)
 Metaspace       used 178028K, committed 180672K, reserved 1245184K
  class space    used 24864K, committed 26176K, reserved 1048576K
}

Dll operation events (3 events):
Event: 0.010 Loaded shared library C:\Program Files\Android\Android Studio\jbr\bin\java.dll
Event: 0.016 Loaded shared library C:\Program Files\Android\Android Studio\jbr\bin\zip.dll
Event: 0.487 Loaded shared library C:\Program Files\Android\Android Studio\jbr\bin\verify.dll

Deoptimization events (20 events):
Event: 415.997 Thread 0x000002406bb103c0 Uncommon trap: trap_request=0xffffffc6 fr.pc=0x000002405336f48c relative=0x0000000000000c8c
Event: 415.997 Thread 0x000002406bb103c0 Uncommon trap: reason=bimorphic_or_optimized_type_check action=maybe_recompile pc=0x000002405336f48c method=com.google.common.collect.RegularImmutableMap.fromEntryArrayCheckingBucketOverflow(I[Ljava/util/Map$Entry;Z)Lcom/google/common/collect/ImmutableMap
Event: 415.997 Thread 0x000002406bb103c0 DEOPT PACKING pc=0x000002405336f48c sp=0x0000007b709fa460
Event: 415.997 Thread 0x000002406bb103c0 DEOPT UNPACKING pc=0x0000024051a443a2 sp=0x0000007b709fa418 mode 2
Event: 416.005 Thread 0x00000240666953d0 Uncommon trap: trap_request=0xffffffbe fr.pc=0x0000024052f88a80 relative=0x00000000000073c0
Event: 416.005 Thread 0x00000240666953d0 Uncommon trap: reason=profile_predicate action=maybe_recompile pc=0x0000024052f88a80 method=com.android.tools.r8.dex.y.a(I[Lcom/android/tools/r8/graph/v5;[Lcom/android/tools/r8/graph/w5;Z)[Lcom/android/tools/r8/graph/j3; @ 634 c2
Event: 416.005 Thread 0x000002407011e6a0 Uncommon trap: trap_request=0xffffffbe fr.pc=0x0000024052f88a80 relative=0x00000000000073c0
Event: 416.005 Thread 0x000002407011e6a0 Uncommon trap: reason=profile_predicate action=maybe_recompile pc=0x0000024052f88a80 method=com.android.tools.r8.dex.y.a(I[Lcom/android/tools/r8/graph/v5;[Lcom/android/tools/r8/graph/w5;Z)[Lcom/android/tools/r8/graph/j3; @ 634 c2
Event: 416.005 Thread 0x00000240666953d0 DEOPT PACKING pc=0x0000024052f88a80 sp=0x0000007b76dfe820
Event: 416.005 Thread 0x000002407011e6a0 DEOPT PACKING pc=0x0000024052f88a80 sp=0x0000007b771fe7f0
Event: 416.005 Thread 0x00000240666953d0 DEOPT UNPACKING pc=0x0000024051a443a2 sp=0x0000007b76dfe7f8 mode 2
Event: 416.005 Thread 0x000002407011e6a0 DEOPT UNPACKING pc=0x0000024051a443a2 sp=0x0000007b771fe7c8 mode 2
Event: 416.006 Thread 0x00000240666953d0 Uncommon trap: trap_request=0xffffffbe fr.pc=0x0000024052f88a80 relative=0x00000000000073c0
Event: 416.006 Thread 0x00000240666953d0 Uncommon trap: reason=profile_predicate action=maybe_recompile pc=0x0000024052f88a80 method=com.android.tools.r8.dex.y.a(I[Lcom/android/tools/r8/graph/v5;[Lcom/android/tools/r8/graph/w5;Z)[Lcom/android/tools/r8/graph/j3; @ 634 c2
Event: 416.006 Thread 0x00000240666953d0 DEOPT PACKING pc=0x0000024052f88a80 sp=0x0000007b76dfe830
Event: 416.006 Thread 0x00000240666953d0 DEOPT UNPACKING pc=0x0000024051a443a2 sp=0x0000007b76dfe808 mode 2
Event: 416.006 Thread 0x000002407011e6a0 Uncommon trap: trap_request=0xffffffbe fr.pc=0x0000024052f88a80 relative=0x00000000000073c0
Event: 416.006 Thread 0x000002407011e6a0 Uncommon trap: reason=profile_predicate action=maybe_recompile pc=0x0000024052f88a80 method=com.android.tools.r8.dex.y.a(I[Lcom/android/tools/r8/graph/v5;[Lcom/android/tools/r8/graph/w5;Z)[Lcom/android/tools/r8/graph/j3; @ 634 c2
Event: 416.006 Thread 0x000002407011e6a0 DEOPT PACKING pc=0x0000024052f88a80 sp=0x0000007b771fe7f0
Event: 416.006 Thread 0x000002407011e6a0 DEOPT UNPACKING pc=0x0000024051a443a2 sp=0x0000007b771fe7c8 mode 2

Classes loaded (20 events):
Event: 414.240 Loading class java/io/PushbackInputStream
Event: 414.240 Loading class java/io/PushbackInputStream done
Event: 414.475 Loading class java/nio/BufferUnderflowException
Event: 414.475 Loading class java/nio/BufferUnderflowException done
Event: 415.222 Loading class java/util/concurrent/ForkJoinTask$AdaptedInterruptibleCallable
Event: 415.222 Loading class java/util/concurrent/ForkJoinTask$InterruptibleTask
Event: 415.223 Loading class java/util/concurrent/ForkJoinTask$InterruptibleTask done
Event: 415.223 Loading class java/util/concurrent/ForkJoinTask$AdaptedInterruptibleCallable done
Event: 415.223 Loading class java/util/concurrent/ForkJoinPool$DefaultForkJoinWorkerThreadFactory$1
Event: 415.223 Loading class java/util/concurrent/ForkJoinPool$DefaultForkJoinWorkerThreadFactory$1 done
Event: 415.224 Loading class java/util/concurrent/CountedCompleter
Event: 415.224 Loading class java/util/concurrent/CountedCompleter done
Event: 415.363 Loading class java/nio/HeapShortBuffer
Event: 415.364 Loading class java/nio/HeapShortBuffer done
Event: 415.378 Loading class java/util/AbstractList$RandomAccessSubList
Event: 415.378 Loading class java/util/AbstractList$SubList
Event: 415.386 Loading class java/util/AbstractList$SubList done
Event: 415.386 Loading class java/util/AbstractList$RandomAccessSubList done
Event: 415.386 Loading class java/util/AbstractList$SubList$1
Event: 415.386 Loading class java/util/AbstractList$SubList$1 done

Classes unloaded (20 events):
Event: 415.182 Thread 0x000002405f5fe320 Unloading class 0x000000010180c000 'java/lang/invoke/LambdaForm$DMH+0x000000010180c000'
Event: 415.182 Thread 0x000002405f5fe320 Unloading class 0x00000001017e2000 'java/lang/invoke/LambdaForm$DMH+0x00000001017e2000'
Event: 415.182 Thread 0x000002405f5fe320 Unloading class 0x00000001017e1c00 'java/lang/invoke/LambdaForm$DMH+0x00000001017e1c00'
Event: 415.182 Thread 0x000002405f5fe320 Unloading class 0x00000001017e1800 'java/lang/invoke/LambdaForm$DMH+0x00000001017e1800'
Event: 415.182 Thread 0x000002405f5fe320 Unloading class 0x00000001017e1400 'java/lang/invoke/LambdaForm$DMH+0x00000001017e1400'
Event: 415.182 Thread 0x000002405f5fe320 Unloading class 0x00000001017e0c00 'java/lang/invoke/LambdaForm$DMH+0x00000001017e0c00'
Event: 415.182 Thread 0x000002405f5fe320 Unloading class 0x00000001017e0400 'java/lang/invoke/LambdaForm$DMH+0x00000001017e0400'
Event: 415.182 Thread 0x000002405f5fe320 Unloading class 0x00000001017e2400 'java/lang/invoke/LambdaForm$DMH+0x00000001017e2400'
Event: 415.182 Thread 0x000002405f5fe320 Unloading class 0x00000001017e1000 'java/lang/invoke/LambdaForm$DMH+0x00000001017e1000'
Event: 415.182 Thread 0x000002405f5fe320 Unloading class 0x00000001017e0800 'java/lang/invoke/LambdaForm$DMH+0x00000001017e0800'
Event: 415.182 Thread 0x000002405f5fe320 Unloading class 0x000000010176a800 'java/lang/invoke/LambdaForm$DMH+0x000000010176a800'
Event: 415.182 Thread 0x000002405f5fe320 Unloading class 0x000000010176a400 'java/lang/invoke/LambdaForm$DMH+0x000000010176a400'
Event: 415.182 Thread 0x000002405f5fe320 Unloading class 0x000000010176a000 'java/lang/invoke/LambdaForm$DMH+0x000000010176a000'
Event: 415.182 Thread 0x000002405f5fe320 Unloading class 0x0000000101769800 'java/lang/invoke/LambdaForm$DMH+0x0000000101769800'
Event: 415.182 Thread 0x000002405f5fe320 Unloading class 0x0000000101768c00 'java/lang/invoke/LambdaForm$DMH+0x0000000101768c00'
Event: 415.182 Thread 0x000002405f5fe320 Unloading class 0x0000000101769000 'java/lang/invoke/LambdaForm$DMH+0x0000000101769000'
Event: 415.182 Thread 0x000002405f5fe320 Unloading class 0x0000000101768400 'java/lang/invoke/LambdaForm$DMH+0x0000000101768400'
Event: 415.182 Thread 0x000002405f5fe320 Unloading class 0x0000000101768800 'java/lang/invoke/LambdaForm$DMH+0x0000000101768800'
Event: 415.182 Thread 0x000002405f5fe320 Unloading class 0x0000000101769c00 'java/lang/invoke/LambdaForm$DMH+0x0000000101769c00'
Event: 415.182 Thread 0x000002405f5fe320 Unloading class 0x0000000101769400 'java/lang/invoke/LambdaForm$DMH+0x0000000101769400'

Classes redefined (0 events):
No events

Internal exceptions (20 events):
Event: 415.927 Thread 0x000002406bb103c0 Exception <a 'sun/nio/fs/WindowsException'{0x00000000a20b16f0}> (0x00000000a20b16f0) 
thrown [s\src\hotspot\share\prims\jni.cpp, line 537]
Event: 415.932 Thread 0x000002406bb103c0 Exception <a 'sun/nio/fs/WindowsException'{0x00000000a1db73d0}> (0x00000000a1db73d0) 
thrown [s\src\hotspot\share\prims\jni.cpp, line 537]
Event: 415.936 Thread 0x000002406bb103c0 Exception <a 'sun/nio/fs/WindowsException'{0x00000000a1b9f340}> (0x00000000a1b9f340) 
thrown [s\src\hotspot\share\prims\jni.cpp, line 537]
Event: 415.984 Thread 0x000002406bb103c0 Exception <a 'sun/nio/fs/WindowsException'{0x00000000a068a218}> (0x00000000a068a218) 
thrown [s\src\hotspot\share\prims\jni.cpp, line 537]
Event: 415.985 Thread 0x000002406bb103c0 Implicit null exception at 0x0000024052d2e0c7 to 0x0000024052d2e26b
Event: 415.989 Thread 0x000002406bb103c0 Exception <a 'sun/nio/fs/WindowsException'{0x00000000a06ab940}> (0x00000000a06ab940) 
thrown [s\src\hotspot\share\prims\jni.cpp, line 537]
Event: 415.992 Thread 0x000002406bb103c0 Exception <a 'sun/nio/fs/WindowsException'{0x00000000a03430e8}> (0x00000000a03430e8) 
thrown [s\src\hotspot\share\prims\jni.cpp, line 537]
Event: 416.010 Thread 0x000002406bb103c0 Exception <a 'sun/nio/fs/WindowsException'{0x000000009fa44530}> (0x000000009fa44530) 
thrown [s\src\hotspot\share\prims\jni.cpp, line 537]
Event: 416.012 Thread 0x000002406bb103c0 Exception <a 'sun/nio/fs/WindowsException'{0x000000009fa48358}> (0x000000009fa48358) 
thrown [s\src\hotspot\share\prims\jni.cpp, line 537]
Event: 416.013 Thread 0x000002406bb103c0 Exception <a 'sun/nio/fs/WindowsException'{0x000000009fa49ac0}> (0x000000009fa49ac0) 
thrown [s\src\hotspot\share\prims\jni.cpp, line 537]
Event: 416.014 Thread 0x000002406bb103c0 Exception <a 'sun/nio/fs/WindowsException'{0x000000009fa4b200}> (0x000000009fa4b200) 
thrown [s\src\hotspot\share\prims\jni.cpp, line 537]
Event: 416.015 Thread 0x000002406bb103c0 Exception <a 'sun/nio/fs/WindowsException'{0x000000009fa4c8a8}> (0x000000009fa4c8a8) 
thrown [s\src\hotspot\share\prims\jni.cpp, line 537]
Event: 416.015 Thread 0x000002406bb103c0 Exception <a 'sun/nio/fs/WindowsException'{0x000000009fa4e568}> (0x000000009fa4e568) 
thrown [s\src\hotspot\share\prims\jni.cpp, line 537]
Event: 416.015 Thread 0x000002406bb103c0 Exception <a 'sun/nio/fs/WindowsException'{0x000000009fa4fa18}> (0x000000009fa4fa18) 
thrown [s\src\hotspot\share\prims\jni.cpp, line 537]
Event: 416.016 Thread 0x000002406bb103c0 Exception <a 'sun/nio/fs/WindowsException'{0x000000009fa563d0}> (0x000000009fa563d0) 
thrown [s\src\hotspot\share\prims\jni.cpp, line 537]
Event: 416.017 Thread 0x000002406bb103c0 Exception <a 'sun/nio/fs/WindowsException'{0x000000009fa57880}> (0x000000009fa57880) 
thrown [s\src\hotspot\share\prims\jni.cpp, line 537]
Event: 416.018 Thread 0x000002406bb103c0 Exception <a 'sun/nio/fs/WindowsException'{0x000000009fa5f3e0}> (0x000000009fa5f3e0) 
thrown [s\src\hotspot\share\prims\jni.cpp, line 537]
Event: 416.018 Thread 0x000002406bb103c0 Exception <a 'sun/nio/fs/WindowsException'{0x000000009fa608f0}> (0x000000009fa608f0) 
thrown [s\src\hotspot\share\prims\jni.cpp, line 537]
Event: 416.024 Thread 0x000002406bb103c0 Exception <a 'sun/nio/fs/WindowsException'{0x000000009f843528}> (0x000000009f843528) 
thrown [s\src\hotspot\share\prims\jni.cpp, line 537]
Event: 416.024 Thread 0x000002406bb103c0 Exception <a 'sun/nio/fs/WindowsException'{0x000000009f844a20}> (0x000000009f844a20) 
thrown [s\src\hotspot\share\prims\jni.cpp, line 537]

ZGC Phase Switch (0 events):
No events

VM Operations (20 events):
Event: 414.806 Executing VM operation: G1CollectForAllocation (G1 Evacuation Pause) done
Event: 414.993 Executing VM operation: G1CollectForAllocation (G1 Evacuation Pause)
Event: 415.014 Executing VM operation: G1CollectForAllocation (G1 Evacuation Pause) done
Event: 415.045 Executing VM operation: G1TryInitiateConcMark (G1 Humongous Allocation)
Event: 415.062 Executing VM operation: G1TryInitiateConcMark (G1 Humongous Allocation) done
Event: 415.181 Executing VM operation: G1PauseRemark
Event: 415.199 Executing VM operation: G1PauseRemark done
Event: 415.275 Executing VM operation: G1PauseCleanup
Event: 415.275 Executing VM operation: G1PauseCleanup done
Event: 415.288 Executing VM operation: G1CollectForAllocation (G1 Evacuation Pause)
Event: 415.307 Executing VM operation: G1CollectForAllocation (G1 Evacuation Pause) done
Event: 415.369 Executing VM operation: HandshakeAllThreads (Deoptimize)
Event: 415.369 Executing VM operation: HandshakeAllThreads (Deoptimize) done
Event: 415.374 Executing VM operation: HandshakeAllThreads (Deoptimize)
Event: 415.375 Executing VM operation: HandshakeAllThreads (Deoptimize) done
Event: 415.401 Executing VM operation: HandshakeAllThreads (Deoptimize)
Event: 415.417 Executing VM operation: HandshakeAllThreads (Deoptimize) done
Event: 415.619 Executing VM operation: G1CollectForAllocation (G1 Evacuation Pause)
Event: 415.654 Executing VM operation: G1CollectForAllocation (G1 Evacuation Pause) done
Event: 416.029 Executing VM operation: G1TryInitiateConcMark (G1 Humongous Allocation)

Memory protections (0 events):
No events

Nmethod flushes (20 events):
Event: 415.197 Thread 0x000002405f5fe320 flushing  nmethod 0x000002404c9cf390
Event: 415.197 Thread 0x000002405f5fe320 flushing  nmethod 0x000002404ca2f810
Event: 415.197 Thread 0x000002405f5fe320 flushing  nmethod 0x000002404ca30190
Event: 415.197 Thread 0x000002405f5fe320 flushing  nmethod 0x000002404ca30e90
Event: 415.197 Thread 0x000002405f5fe320 flushing  nmethod 0x000002404ca32a10
Event: 415.197 Thread 0x000002405f5fe320 flushing  nmethod 0x000002404ca33810
Event: 415.197 Thread 0x000002405f5fe320 flushing  nmethod 0x000002404ca34190
Event: 415.197 Thread 0x000002405f5fe320 flushing  nmethod 0x000002404cab4210
Event: 415.197 Thread 0x000002405f5fe320 flushing  nmethod 0x000002404cab9e90
Event: 415.197 Thread 0x000002405f5fe320 flushing  nmethod 0x000002404cabb510
Event: 415.197 Thread 0x000002405f5fe320 flushing  nmethod 0x000002404cb36690
Event: 415.197 Thread 0x000002405f5fe320 flushing  nmethod 0x000002404cb36c90
Event: 415.197 Thread 0x000002405f5fe320 flushing  nmethod 0x000002404cb37290
Event: 415.197 Thread 0x000002405f5fe320 flushing  nmethod 0x000002404cb3a090
Event: 415.197 Thread 0x000002405f5fe320 flushing  nmethod 0x000002404cb3cb10
Event: 415.197 Thread 0x000002405f5fe320 flushing  nmethod 0x000002404ccdf710
Event: 415.197 Thread 0x000002405f5fe320 flushing  nmethod 0x000002404ccdfe90
Event: 415.197 Thread 0x000002405f5fe320 flushing  nmethod 0x000002404cd2aa90
Event: 415.197 Thread 0x000002405f5fe320 flushing  nmethod 0x000002404cf13a10
Event: 415.197 Thread 0x000002405f5fe320 flushing  nmethod 0x000002404d0d7b10

Events (20 events):
Event: 415.279 Thread 0x000002406bb103c0 Thread added: 0x000002407011b8b0
Event: 415.279 Thread 0x000002406bb103c0 Thread added: 0x000002407011bf40
Event: 415.280 Thread 0x000002406bb103c0 Thread added: 0x000002407011d980
Event: 415.280 Thread 0x000002406bb103c0 Thread added: 0x000002407011e010
Event: 415.280 Thread 0x000002406bb103c0 Thread added: 0x000002407011c5d0
Event: 415.280 Thread 0x000002406bb103c0 Thread added: 0x0000024071fa0760
Event: 415.280 Thread 0x000002406bb103c0 Thread added: 0x000002406be4f660
Event: 415.281 Thread 0x000002406bb103c0 Thread added: 0x000002406be4efd0
Event: 415.479 Thread 0x000002406bb103c0 Thread added: 0x00000240733603a0
Event: 415.942 Thread 0x000002406bb103c0 Thread added: 0x000002405f8c26a0
Event: 415.942 Thread 0x000002406bb103c0 Thread added: 0x000002405f8c1980
Event: 415.942 Thread 0x000002406bb103c0 Thread added: 0x000002405f8c33c0
Event: 415.942 Thread 0x000002406bb103c0 Thread added: 0x000002405f8c3a50
Event: 415.942 Thread 0x000002406bb103c0 Thread added: 0x000002405f8c40e0
Event: 415.942 Thread 0x000002406bb103c0 Thread added: 0x000002405f8c12f0
Event: 415.942 Thread 0x000002406bb103c0 Thread added: 0x000002405f8c0c60
Event: 415.943 Thread 0x000002406bb103c0 Thread added: 0x000002405f8c2010
Event: 415.943 Thread 0x000002406bb103c0 Thread added: 0x0000024071547a60
Event: 415.943 Thread 0x000002406bb103c0 Thread added: 0x0000024071544c70
Event: 415.943 Thread 0x000002406bb103c0 Thread added: 0x00000240715473d0


Dynamic libraries:
0x00007ff7cf220000 - 0x00007ff7cf22a000 	C:\Program Files\Android\Android Studio\jbr\bin\java.exe
0x00007ff8b5460000 - 0x00007ff8b56c8000 	C:\WINDOWS\SYSTEM32\ntdll.dll
0x00007ff8b3d70000 - 0x00007ff8b3e39000 	C:\WINDOWS\System32\KERNEL32.DLL
0x00007ff8b2c90000 - 0x00007ff8b3081000 	C:\WINDOWS\System32\KERNELBASE.dll
0x00007ff8b29c0000 - 0x00007ff8b2b0b000 	C:\WINDOWS\System32\ucrtbase.dll
0x00007ff8ae780000 - 0x00007ff8ae79b000 	C:\Program Files\Android\Android Studio\jbr\bin\VCRUNTIME140.dll
0x00007ff8898f0000 - 0x00007ff889908000 	C:\Program Files\Android\Android Studio\jbr\bin\jli.dll
0x00007ff8b3340000 - 0x00007ff8b3506000 	C:\WINDOWS\System32\USER32.dll
0x00007ff89d0b0000 - 0x00007ff89d343000 	C:\WINDOWS\WinSxS\amd64_microsoft.windows.common-controls_6595b64144ccf1df_6.0.26100.7824_none_3e0870b2e3345462\COMCTL32.dll
0x00007ff8b1e80000 - 0x00007ff8b1ea7000 	C:\WINDOWS\System32\win32u.dll
0x00007ff8b4750000 - 0x00007ff8b47f9000 	C:\WINDOWS\System32\msvcrt.dll
0x00007ff8b53f0000 - 0x00007ff8b541b000 	C:\WINDOWS\System32\GDI32.dll
0x00007ff8b1eb0000 - 0x00007ff8b1fdb000 	C:\WINDOWS\System32\gdi32full.dll
0x00007ff8b1dd0000 - 0x00007ff8b1e73000 	C:\WINDOWS\System32\msvcp_win.dll
0x00007ff8b3650000 - 0x00007ff8b3681000 	C:\WINDOWS\System32\IMM32.DLL
0x00007ff8af670000 - 0x00007ff8af67c000 	C:\Program Files\Android\Android Studio\jbr\bin\vcruntime140_1.dll
0x00007ff884f30000 - 0x00007ff884fbd000 	C:\Program Files\Android\Android Studio\jbr\bin\msvcp140.dll
0x00007ff809250000 - 0x00007ff809ee6000 	C:\Program Files\Android\Android Studio\jbr\bin\server\jvm.dll
0x00007ff8b4d90000 - 0x00007ff8b4e44000 	C:\WINDOWS\System32\ADVAPI32.dll
0x00007ff8b36a0000 - 0x00007ff8b3746000 	C:\WINDOWS\System32\sechost.dll
0x00007ff8b4b70000 - 0x00007ff8b4c88000 	C:\WINDOWS\System32\RPCRT4.dll
0x00007ff8b46d0000 - 0x00007ff8b4744000 	C:\WINDOWS\System32\WS2_32.dll
0x00007ff8b0920000 - 0x00007ff8b097e000 	C:\WINDOWS\SYSTEM32\POWRPROF.dll
0x00007ff8a4c40000 - 0x00007ff8a4c75000 	C:\WINDOWS\SYSTEM32\WINMM.dll
0x00007ff8abc40000 - 0x00007ff8abc4b000 	C:\WINDOWS\SYSTEM32\VERSION.dll
0x00007ff8b0900000 - 0x00007ff8b0914000 	C:\WINDOWS\SYSTEM32\UMPDC.dll
0x00007ff8b0be0000 - 0x00007ff8b0bfb000 	C:\WINDOWS\SYSTEM32\kernel.appcore.dll
0x00007ff8ae770000 - 0x00007ff8ae77a000 	C:\Program Files\Android\Android Studio\jbr\bin\jimage.dll
0x00007ff8a8c70000 - 0x00007ff8a8eb2000 	C:\WINDOWS\SYSTEM32\DBGHELP.DLL
0x00007ff8b5010000 - 0x00007ff8b5396000 	C:\WINDOWS\System32\combase.dll
0x00007ff8b3200000 - 0x00007ff8b32d7000 	C:\WINDOWS\System32\OLEAUT32.dll
0x00007ff896800000 - 0x00007ff89683b000 	C:\WINDOWS\SYSTEM32\dbgcore.DLL
0x00007ff8b2850000 - 0x00007ff8b28f5000 	C:\WINDOWS\System32\bcryptPrimitives.dll
0x00007ff8ab380000 - 0x00007ff8ab38e000 	C:\Program Files\Android\Android Studio\jbr\bin\instrument.dll
0x00007ff8acde0000 - 0x00007ff8ace00000 	C:\Program Files\Android\Android Studio\jbr\bin\java.dll
0x00007ff8ab940000 - 0x00007ff8ab958000 	C:\Program Files\Android\Android Studio\jbr\bin\zip.dll
0x00007ff8b3f00000 - 0x00007ff8b4652000 	C:\WINDOWS\System32\SHELL32.dll
0x00007ff8b3090000 - 0x00007ff8b31fa000 	C:\WINDOWS\System32\wintypes.dll
0x00007ff8b1fe0000 - 0x00007ff8b2843000 	C:\WINDOWS\System32\windows.storage.dll
0x00007ff8b4800000 - 0x00007ff8b48f6000 	C:\WINDOWS\System32\SHCORE.dll
0x00007ff8b4660000 - 0x00007ff8b46c7000 	C:\WINDOWS\System32\shlwapi.dll
0x00007ff8b1c60000 - 0x00007ff8b1c89000 	C:\WINDOWS\SYSTEM32\profapi.dll
0x00007ff8ae760000 - 0x00007ff8ae770000 	C:\Program Files\Android\Android Studio\jbr\bin\net.dll
0x00007ff8ab800000 - 0x00007ff8ab927000 	C:\WINDOWS\SYSTEM32\WINHTTP.dll
0x00007ff8b1170000 - 0x00007ff8b11db000 	C:\WINDOWS\system32\mswsock.dll
0x00007ff8a10c0000 - 0x00007ff8a10d6000 	C:\Program Files\Android\Android Studio\jbr\bin\nio.dll
0x00007ff8a1060000 - 0x00007ff8a1070000 	C:\Program Files\Android\Android Studio\jbr\bin\verify.dll
0x00007ff888340000 - 0x00007ff888367000 	C:\Users\unity\.gradle\native\660c5614fbf4a5f2a75b1949f50a0caf5cd603558e7d8a26e50b933a0cfb79d1\windows-amd64\native-platform.dll
0x00007ff884e30000 - 0x00007ff884ea7000 	C:\Users\unity\.gradle\native\0.2.8\x86_64-windows-gnu\gradle-fileevents.dll
0x00007ff8ab930000 - 0x00007ff8ab939000 	C:\Program Files\Android\Android Studio\jbr\bin\management.dll
0x00007ff8ab400000 - 0x00007ff8ab40b000 	C:\Program Files\Android\Android Studio\jbr\bin\management_ext.dll
0x00007ff8b4ae0000 - 0x00007ff8b4ae8000 	C:\WINDOWS\System32\PSAPI.DLL
0x00007ff8b0530000 - 0x00007ff8b0564000 	C:\WINDOWS\SYSTEM32\IPHLPAPI.DLL
0x00007ff8b3690000 - 0x00007ff8b369a000 	C:\WINDOWS\System32\NSI.dll
0x00007ff8ac430000 - 0x00007ff8ac439000 	C:\Program Files\Android\Android Studio\jbr\bin\extnet.dll
0x00007ff8b1450000 - 0x00007ff8b146b000 	C:\WINDOWS\SYSTEM32\CRYPTSP.dll
0x00007ff8b0b30000 - 0x00007ff8b0b69000 	C:\WINDOWS\system32\rsaenh.dll
0x00007ff8b1220000 - 0x00007ff8b124b000 	C:\WINDOWS\SYSTEM32\USERENV.dll
0x00007ff8b1c30000 - 0x00007ff8b1c5a000 	C:\WINDOWS\SYSTEM32\bcrypt.dll
0x00007ff8b1440000 - 0x00007ff8b144c000 	C:\WINDOWS\SYSTEM32\CRYPTBASE.dll
0x00007ff895c80000 - 0x00007ff895c88000 	C:\WINDOWS\system32\wshunix.dll
0x00007ff8b05d0000 - 0x00007ff8b06fc000 	C:\WINDOWS\SYSTEM32\DNSAPI.dll
0x00007ff8a1460000 - 0x00007ff8a146b000 	C:\Windows\System32\rasadhlp.dll
0x00007ff8a9c00000 - 0x00007ff8a9c86000 	C:\WINDOWS\System32\fwpuclnt.dll
0x00007ff8b0d00000 - 0x00007ff8b0d36000 	C:\WINDOWS\SYSTEM32\ntmarta.dll

JVMTI agents:
C:\Users\unity\.gradle\wrapper\dists\gradle-9.2.1-bin\2t0n5ozlw9xmuyvbp7dnzaxug\gradle-9.2.1\lib\agents\gradle-instrumentation-agent-9.2.1.jar path:C:\Program Files\Android\Android Studio\jbr\bin\instrument.dll, loaded, initialized, instrumentlib options:none

dbghelp: loaded successfully - version: 4.0.5 - missing functions: none
symbol engine: initialized successfully - sym options: 0x614 - pdb path: .;C:\Program Files\Android\Android Studio\jbr\bin;C:\WINDOWS\SYSTEM32;C:\WINDOWS\WinSxS\amd64_microsoft.windows.common-controls_6595b64144ccf1df_6.0.26100.7824_none_3e0870b2e3345462;C:\Program Files\Android\Android Studio\jbr\bin\server;C:\Users\unity\.gradle\native\660c5614fbf4a5f2a75b1949f50a0caf5cd603558e7d8a26e50b933a0cfb79d1\windows-amd64;C:\Users\unity\.gradle\native\0.2.8\x86_64-windows-gnu

VM Arguments:
jvm_args: --add-opens=java.base/java.lang=ALL-UNNAMED --add-opens=java.base/java.lang.invoke=ALL-UNNAMED --add-opens=java.base/java.util=ALL-UNNAMED --add-opens=java.prefs/java.util.prefs=ALL-UNNAMED --add-exports=jdk.compiler/com.sun.tools.javac.api=ALL-UNNAMED --add-exports=jdk.compiler/com.sun.tools.javac.util=ALL-UNNAMED --add-opens=java.base/java.util=ALL-UNNAMED --add-opens=java.prefs/java.util.prefs=ALL-UNNAMED --add-opens=java.base/java.nio.charset=ALL-UNNAMED --add-opens=java.base/java.net=ALL-UNNAMED --add-opens=java.base/java.util.concurrent=ALL-UNNAMED --add-opens=java.base/java.util.concurrent.atomic=ALL-UNNAMED --add-opens=java.xml/javax.xml.namespace=ALL-UNNAMED --add-opens=java.base/java.time=ALL-UNNAMED -Xmx2048m -Dfile.encoding=UTF-8 -Duser.country=US -Duser.language=en -Duser.variant -javaagent:C:\Users\unity\.gradle\wrapper\dists\gradle-9.2.1-bin\2t0n5ozlw9xmuyvbp7dnzaxug\gradle-9.2.1\lib\agents\gradle-instrumentation-agent-9.2.1.jar 
java_command: org.gradle.launcher.daemon.bootstrap.GradleDaemon 9.2.1
java_class_path (initial): C:\Users\unity\.gradle\wrapper\dists\gradle-9.2.1-bin\2t0n5ozlw9xmuyvbp7dnzaxug\gradle-9.2.1\lib\gradle-daemon-main-9.2.1.jar
Launcher Type: SUN_STANDARD

[Global flags]
     intx CICompilerCount                          = 4                                         {product} {ergonomic}
     uint ConcGCThreads                            = 3                                         {product} {ergonomic}
     uint G1ConcRefinementThreads                  = 10                                        {product} {ergonomic}
   size_t G1HeapRegionSize                         = 1048576                                   {product} {ergonomic}
    uintx GCDrainStackTargetSize                   = 64                                        {product} {ergonomic}
   size_t InitialHeapSize                          = 257949696                                 {product} {ergonomic}
   size_t MarkStackSize                            = 4194304                                   {product} {ergonomic}
   size_t MaxHeapSize                              = 2147483648                                {product} {command line}
   size_t MaxNewSize                               = 1287651328                                {product} {ergonomic}
   size_t MinHeapDeltaBytes                        = 1048576                                   {product} {ergonomic}
   size_t MinHeapSize                              = 8388608                                   {product} {ergonomic}
    uintx NonNMethodCodeHeapSize                   = 5839372                                {pd product} {ergonomic}
    uintx NonProfiledCodeHeapSize                  = 122909434                              {pd product} {ergonomic}
    uintx ProfiledCodeHeapSize                     = 122909434                              {pd product} {ergonomic}
    uintx ReservedCodeCacheSize                    = 251658240                              {pd product} {ergonomic}
     bool SegmentedCodeCache                       = true                                      {product} {ergonomic}
   size_t SoftMaxHeapSize                          = 2147483648                             {manageable} {ergonomic}
     bool UseCompressedOops                        = true                           {product lp64_product} {ergonomic}
     bool UseG1GC                                  = true                                      {product} {ergonomic}
     bool UseLargePagesIndividualAllocation        = false                                  {pd product} {ergonomic}

Logging:
Log output configuration:
 #0: stdout all=warning uptime,level,tags foldmultilines=false
 #1: stderr all=off uptime,level,tags foldmultilines=false

Release file:
JAVA_VERSION="21.0.9" 
MODULES="java.base java.compiler java.datatransfer java.xml java.prefs java.desktop java.instrument java.logging java.management java.security.sasl java.naming java.rmi java.management.rmi java.net.http java.scripting java.security.jgss java.transaction.xa java.sql java.sql.rowset java.xml.crypto java.se java.smartcardio jdk.accessibility jdk.internal.jvmstat jdk.attach jdk.charsets jdk.internal.opt jdk.zipfs jdk.compiler jdk.crypto.ec jdk.crypto.cryptoki jdk.dynalink jdk.hotspot.agent jdk.httpserver jdk.internal.ed jdk.internal.le jdk.internal.vm.ci jdk.jartool jdk.javadoc jdk.jcmd jdk.jdeps jdk.jdwp.agent jdk.jdi jdk.jfr jdk.jlink jdk.jsobject jdk.localedata jdk.management jdk.management.agent jdk.management.jfr jdk.naming.dns jdk.naming.rmi jdk.net jdk.sctp jdk.security.auth jdk.security.jgss jdk.unsupported jdk.unsupported.desktop jdk.xml.dom" 
IMPLEMENTOR="JetBrains s.r.o." 
JAVA_RUNTIME_VERSION="21.0.9+-14649483-b1163.86" 
LIBC="default" 
OS_ARCH="x86_64" 
OS_NAME="Windows" 
SOURCE=".:git:554d0c326095" 

Environment Variables:
PATH=C:\Program Files\Common Files\Oracle\Java\javapath;C:\Program Files (x86)\Common Files\Oracle\Java\java8path;C:\Program Files (x86)\Common Files\Oracle\Java\javapath;C:\WINDOWS\system32;C:\WINDOWS;C:\WINDOWS\System32\Wbem;C:\WINDOWS\System32\WindowsPowerShell\v1.0\;C:\WINDOWS\System32\OpenSSH\;C:\Nimit\Git\cmd;C:\Program Files\dotnet\;C:\Program Files (x86)\NVIDIA Corporation\PhysX\Common;C:\ProgramData\chocolatey\bin;C:\Program Files\NVIDIA Corporation\NVIDIA App\NvDLISR;C:\Program Files\Java\jdk-24\bin;;C:\Users\unity\AppData\Local\nvm;C:\Program Files\nodejs\;C:\Program Files\Graphviz\bin;C:\Users\unity\.cargo\bin;C:\Program Files\MySQL\MySQL Shell 8.0\bin\;C:\Users\unity\.local\bin;C:\Users\unity\AppData\Local\pnpm;C:\Users\unity\AppData\Local\Programs\Python\Python311\Scripts\;C:\Users\unity\AppData\Local\Programs\Python\Python311\;C:\Users\unity\AppData\Local\Microsoft\WindowsApps;C:\Nimit\Microsoft VS Code\bin;C:\Nimit\Graphviz\bin;C:\Program Files\Java\jdk-24\bin;C:\Users\unity\AppData\Local\nvm;C:\Users\unity\AppData\Roaming\npm;C:\Users\unity\AppData\Local\Programs\Antigravity\bin
USERNAME=unity
OS=Windows_NT
PROCESSOR_IDENTIFIER=AMD64 Family 25 Model 68 Stepping 1, AuthenticAMD
TMP=C:\Users\unity\AppData\Local\Temp
TEMP=C:\Users\unity\AppData\Local\Temp




Periodic native trim disabled

JNI global refs:
JNI global refs: 31, weak refs: 62

JNI global refs memory usage: 835, weak refs: 1465

Process memory usage:
Resident Set Size: 1164440K (7% of 16053040K total physical memory with 2113200K free physical memory)

OOME stack traces (most recent first):
Classloader memory used:
Loader org.gradle.internal.classloader.VisitableURLClassLoader$InstrumentingVisitableURLClassLoader: 65471K
Loader org.gradle.internal.classloader.VisitableURLClassLoader                         : 50405K
Loader bootstrap                                                                       : 35971K
Loader org.gradle.initialization.MixInLegacyTypesClassLoader                           : 14268K
Loader jdk.internal.loader.ClassLoaders$AppClassLoader                                 : 9684K
Loader jdk.internal.loader.ClassLoaders$PlatformClassLoader                            : 929K
Loader jdk.internal.reflect.DelegatingClassLoader                                      : 691K
Loader jdk.internal.jrtfs.JrtFileSystemProvider$JrtFsLoader                            : 252K
Loader org.gradle.internal.classloader.VisitableURLClassLoader                         : 223K
Loader org.gradle.groovy.scripts.internal.DefaultScriptCompilationHandler$ScriptClassLoader: 127K
Loader sun.reflect.misc.MethodUtil                                                     : 2984B

Classes loaded by more than one classloader:
Class Program                                                                         : loaded 5 times (x 72B)
Class Build_gradle                                                                    : loaded 3 times (x 126B)
Class com.google.common.base.Equivalence$Identity                                     : loaded 2 times (x 82B)
Class com.google.common.collect.RegularImmutableMap$KeySet                            : loaded 2 times (x 152B)
Class ijKotlinCoroutineJvmDebugInit2_ef12ij5nrd0m5ikpy7hx18it2$_run_closure1$_closure2: loaded 2 times (x 139B)
Class org.gradle.internal.classloader.FilteringClassLoader                            : loaded 2 times (x 105B)
Class jdk.internal.jimage.BasicImageReader                                            : loaded 2 times (x 95B)
Class com.google.common.cache.LocalCache$ValueIterator                                : loaded 2 times (x 86B)
Class [Lcom.google.common.collect.MapMakerInternalMap$Segment;                        : loaded 2 times (x 69B)
Class com.google.common.io.FileWriteMode                                              : loaded 2 times (x 79B)
Class [Lcom.google.common.base.AbstractIterator$State;                                : loaded 2 times (x 69B)
Class com.google.common.base.CharMatcher$IsEither                                     : loaded 2 times (x 111B)
Class org.gradle.internal.classloader.ClassLoaderHierarchy                            : loaded 2 times (x 70B)
Class [Lcom.google.common.cache.RemovalCause;                                         : loaded 2 times (x 69B)
Class com.google.common.collect.AbstractMapBasedMultimap$WrappedCollection            : loaded 2 times (x 124B)
Class com.google.common.collect.ImmutableEnumSet                                      : loaded 2 times (x 146B)
Class com.google.common.util.concurrent.ExecutionError                                : loaded 2 times (x 82B)
Class com.google.common.collect.ImmutableList$1                                       : loaded 2 times (x 97B)
Class org.gradle.api.internal.classpath.ManifestUtil                                  : loaded 2 times (x 71B)
Class com.google.common.io.ByteArrayDataOutput                                        : loaded 2 times (x 70B)
Class com.google.common.collect.RegularImmutableMap                                   : loaded 2 times (x 121B)
Class com.google.common.collect.ImmutableMap$MapViewOfValuesAsSingletonSets           : loaded 2 times (x 126B)
Class com.google.common.cache.LocalCache$Values                                       : loaded 2 times (x 118B)
Class com.google.common.reflect.TypeCapture                                           : loaded 2 times (x 71B)
Class com.google.common.collect.TransformedListIterator                               : loaded 2 times (x 93B)
Class [Lorg.objectweb.asm.Symbol;                                                     : loaded 2 times (x 69B)
Class org.objectweb.asm.ClassVisitor                                                  : loaded 2 times (x 88B)
Class com.google.common.collect.UnmodifiableListIterator                              : loaded 2 times (x 95B)
Class com.google.common.collect.MapMakerInternalMap$StrongKeyDummyValueEntry$LinkedStrongKeyDummyValueEntry: loaded 2 times (x 82B)
Class com.google.common.collect.MapMakerInternalMap$Strength                          : loaded 2 times (x 80B)
Class com.google.common.base.Platform$JdkPatternCompiler                              : loaded 2 times (x 75B)
Class org.objectweb.asm.MethodTooLargeException                                       : loaded 2 times (x 83B)
Class [Lcom.google.common.cache.CacheBuilder$OneWeigher;                              : loaded 2 times (x 69B)
Class com.google.common.base.Suppliers                                                : loaded 2 times (x 71B)
Class org.gradle.internal.classloader.DefaultClassLoaderFactory                       : loaded 2 times (x 82B)
Class com.google.common.io.ByteSource$ConcatenatedByteSource                          : loaded 2 times (x 85B)
Class [Lcom.google.common.collect.AbstractIterator$State;                             : loaded 2 times (x 69B)
Class com.google.common.base.CharMatcher$None                                         : loaded 2 times (x 112B)
Class org.gradle.internal.classloader.ClassLoaderVisitor                              : loaded 2 times (x 76B)
Class [Lcom.google.common.collect.ImmutableMapEntry;                                  : loaded 2 times (x 69B)
Class org.gradle.api.internal.classpath.EffectiveClassPath                            : loaded 2 times (x 90B)
Class com.google.common.collect.ListMultimap                                          : loaded 2 times (x 70B)
Class com.google.common.collect.ImmutableEnumMap                                      : loaded 2 times (x 126B)
Class com.google.common.collect.Iterators$EmptyModifiableIterator                     : loaded 2 times (x 86B)
Class com.google.common.base.Splitter                                                 : loaded 2 times (x 72B)
Class com.google.common.collect.Sets$1                                                : loaded 2 times (x 139B)
Class org.objectweb.asm.AnnotationVisitor                                             : loaded 2 times (x 78B)
Class org.gradle.api.internal.DefaultClassPathProvider                                : loaded 2 times (x 76B)
Class com.google.common.io.CharSource$ConcatenatedCharSource                          : loaded 2 times (x 86B)
Class com.google.common.collect.MapMakerInternalMap$Strength$1                        : loaded 2 times (x 80B)
Class com.google.common.collect.Maps$ViewCachingAbstractMap                           : loaded 2 times (x 125B)
Class com.google.common.collect.Sets$2                                                : loaded 2 times (x 139B)
Class [Lorg.gradle.api.internal.ClassPathProvider;                                    : loaded 2 times (x 69B)
Class org.gradle.api.internal.ClassPathProvider                                       : loaded 2 times (x 70B)
Class [Lorg.objectweb.asm.AnnotationVisitor;                                          : loaded 2 times (x 69B)
Class com.google.common.reflect.Types$ClassOwnership$1                                : loaded 2 times (x 80B)
Class com.google.common.collect.MapMakerInternalMap$Strength$2                        : loaded 2 times (x 80B)
Class com.google.common.base.AbstractIterator$State                                   : loaded 2 times (x 79B)
Class com.google.common.collect.Sets$3                                                : loaded 2 times (x 139B)
Class com.google.common.cache.LocalCache$LocalLoadingCache                            : loaded 2 times (x 134B)
Class org.gradle.internal.service.UnknownServiceException                             : loaded 2 times (x 83B)
Class com.google.common.io.ByteArrayDataInput                                         : loaded 2 times (x 70B)
Class com.google.common.reflect.Types$ClassOwnership$2                                : loaded 2 times (x 80B)
Class com.google.common.reflect.TypeResolver                                          : loaded 2 times (x 72B)
Class com.google.common.collect.MapMakerInternalMap$StrongValueEntry                  : loaded 2 times (x 70B)
Class com.google.common.collect.Sets$4                                                : loaded 2 times (x 139B)
Class org.objectweb.asm.ModuleVisitor                                                 : loaded 2 times (x 81B)
Class com.google.common.cache.LocalCache$Strength$1                                   : loaded 2 times (x 81B)
Class com.google.common.reflect.Types$ClassOwnership$3                                : loaded 2 times (x 71B)
Class com.google.common.util.concurrent.SettableFuture                                : loaded 2 times (x 114B)
Class com.google.common.cache.LocalCache$Strength$2                                   : loaded 2 times (x 81B)
Class com.google.common.io.ByteStreams                                                : loaded 2 times (x 71B)
Class com.google.common.collect.Interners$InternerImpl                                : loaded 2 times (x 75B)
Class com.google.common.collect.Interner                                              : loaded 2 times (x 70B)
Class com.google.common.collect.TransformedIterator                                   : loaded 2 times (x 80B)
Class com.google.common.base.Splitter$1                                               : loaded 2 times (x 77B)
Class com.google.common.cache.LocalCache$Strength$3                                   : loaded 2 times (x 81B)
Class com.google.common.collect.MapDifference                                         : loaded 2 times (x 70B)
Class com.google.common.reflect.Invokable                                             : loaded 2 times (x 103B)
Class com.google.common.collect.MapMaker$Dummy                                        : loaded 2 times (x 79B)
Class org.objectweb.asm.FieldWriter                                                   : loaded 2 times (x 78B)
Class com.google.common.cache.CacheBuilder$NullListener                               : loaded 2 times (x 82B)
Class org.gradle.internal.classpath.TransformedClassPath                              : loaded 2 times (x 96B)
Class org.gradle.internal.classloader.InstrumentingClassLoader                        : loaded 2 times (x 70B)
Class com.google.common.collect.ImmutableListMultimap                                 : loaded 2 times (x 176B)
Class com.google.common.reflect.Types$ParameterizedTypeImpl                           : loaded 2 times (x 81B)
Class com.google.common.cache.CacheLoader$FunctionToCacheLoader                       : loaded 2 times (x 75B)
Class com.google.common.collect.Iterators$ArrayItr                                    : loaded 2 times (x 97B)
Class com.google.common.collect.ImmutableCollection$Builder                           : loaded 2 times (x 76B)
Class com.google.common.collect.EmptyImmutableListMultimap                            : loaded 2 times (x 176B)
Class com.google.common.base.PairwiseEquivalence                                      : loaded 2 times (x 83B)
Class com.google.common.collect.BaseImmutableMultimap                                 : loaded 2 times (x 123B)
Class com.google.common.base.Joiner                                                   : loaded 2 times (x 79B)
Class com.google.common.base.MoreObjects                                              : loaded 2 times (x 71B)
Class com.google.common.collect.Platform                                              : loaded 2 times (x 71B)
Class [Lorg.objectweb.asm.Type;                                                       : loaded 2 times (x 69B)
Class com.google.common.collect.UnmodifiableIterator                                  : loaded 2 times (x 80B)
Class org.gradle.internal.service.ServiceLocator                                      : loaded 2 times (x 70B)
Class jdk.internal.jrtfs.JrtFileSystemProvider                                        : loaded 2 times (x 101B)
Class com.google.common.base.Ascii                                                    : loaded 2 times (x 71B)
Class com.google.common.collect.SingletonImmutableBiMap                               : loaded 2 times (x 143B)
Class com.google.common.cache.LocalCache$1                                            : loaded 2 times (x 89B)
Class com.google.common.collect.Iterators$SingletonIterator                           : loaded 2 times (x 81B)
Class com.google.common.collect.AbstractMapEntry                                      : loaded 2 times (x 81B)
Class com.google.common.io.CharSource$StringCharSource                                : loaded 2 times (x 86B)
Class com.google.common.io.ByteSource$ByteArrayByteSource                             : loaded 2 times (x 85B)
Class com.google.common.collect.AbstractSetMultimap                                   : loaded 2 times (x 174B)
Class com.google.common.reflect.TypeToken$SimpleTypeToken                             : loaded 2 times (x 73B)
Class com.google.common.collect.MapMakerInternalMap$AbstractStrongKeyEntry            : loaded 2 times (x 80B)
Class com.google.common.collect.Sets$ImprovedAbstractSet                              : loaded 2 times (x 135B)
Class com.google.common.collect.ImmutableList$Builder                                 : loaded 2 times (x 77B)
Class com.google.common.collect.AbstractMultimap                                      : loaded 2 times (x 123B)
Class com.google.common.cache.LocalCache$2                                            : loaded 2 times (x 142B)
Class com.google.common.collect.RegularImmutableAsList                                : loaded 2 times (x 217B)
Class com.google.common.base.Optional                                                 : loaded 2 times (x 80B)
Class com.google.common.util.concurrent.AbstractFuture$Trusted                        : loaded 2 times (x 70B)
Class com.google.common.collect.Iterators                                             : loaded 2 times (x 71B)
Class jdk.internal.jimage.ImageLocation                                               : loaded 2 times (x 90B)
Class com.google.common.io.ByteSink$AsCharSink                                        : loaded 2 times (x 80B)
Class com.google.common.collect.Lists$StringAsImmutableList                           : loaded 2 times (x 207B)
Class com.google.common.util.concurrent.UncheckedExecutionException                   : loaded 2 times (x 82B)
Class org.gradle.kotlin.dsl.VersionCatalogAccessorsKt                                 : loaded 2 times (x 71B)
Class jdk.internal.jimage.ImageBufferCache$1                                          : loaded 2 times (x 83B)
Class com.google.common.collect.HashMultimapGwtSerializationDependencies              : loaded 2 times (x 174B)
Class com.google.common.collect.AbstractMapBasedMultimap$KeySet$1                     : loaded 2 times (x 82B)
Class org.objectweb.asm.ClassWriter                                                   : loaded 2 times (x 106B)
Class com.google.common.cache.CacheLoader$UnsupportedLoadingOperationException        : loaded 2 times (x 82B)
Class com.google.common.base.CharMatcher$And                                          : loaded 2 times (x 112B)
Class org.gradle.internal.classloader.ClasspathUtil$1                                 : loaded 2 times (x 76B)
Class jdk.internal.jimage.ImageBufferCache$2                                          : loaded 2 times (x 91B)
Class com.google.common.collect.AbstractMapBasedMultimap$Itr                          : loaded 2 times (x 83B)
Class com.google.common.collect.FluentIterable$1                                      : loaded 2 times (x 81B)
Class com.google.common.base.Objects                                                  : loaded 2 times (x 71B)
Class org.objectweb.asm.FieldVisitor                                                  : loaded 2 times (x 77B)
Class com.google.common.collect.IndexedImmutableSet                                   : loaded 2 times (x 152B)
Class com.google.common.collect.ImmutableMap$1                                        : loaded 2 times (x 81B)
Class com.google.common.collect.BiMap                                                 : loaded 2 times (x 70B)
Class org.gradle.api.internal.classpath.DefaultModuleRegistry$DefaultModule           : loaded 2 times (x 86B)
Class com.google.common.base.Absent                                                   : loaded 2 times (x 80B)
Class com.google.common.collect.FluentIterable$2                                      : loaded 2 times (x 81B)
Class com.google.common.reflect.Reflection                                            : loaded 2 times (x 71B)
Class com.google.common.primitives.Ints                                               : loaded 2 times (x 71B)
Class com.google.common.collect.AbstractIterator                                      : loaded 2 times (x 82B)
Class com.google.common.collect.FluentIterable$3                                      : loaded 2 times (x 81B)
Class com.google.common.collect.ObjectArrays                                          : loaded 2 times (x 71B)
Class com.google.common.math.MathPreconditions                                        : loaded 2 times (x 71B)
Class com.google.common.collect.Multiset                                              : loaded 2 times (x 70B)
Class com.google.common.collect.ArrayListMultimapGwtSerializationDependencies         : loaded 2 times (x 172B)
Class com.google.common.collect.AbstractIndexedListIterator                           : loaded 2 times (x 96B)
Class com.google.common.collect.ImmutableMapEntrySet                                  : loaded 2 times (x 152B)
Class ijKotlinCoroutineJvmDebugInit2_ef12ij5nrd0m5ikpy7hx18it2                        : loaded 2 times (x 171B)
Class org.gradle.api.internal.classpath.Module                                        : loaded 2 times (x 70B)
Class com.google.common.cache.Weigher                                                 : loaded 2 times (x 70B)
Class org.gradle.api.internal.classpath.UnknownModuleException                        : loaded 2 times (x 82B)
Class jdk.internal.jimage.ImageHeader                                                 : loaded 2 times (x 71B)
Class com.google.common.base.Stopwatch                                                : loaded 2 times (x 72B)
Class com.google.common.cache.LocalCache$Strength                                     : loaded 2 times (x 81B)
Class com.google.common.cache.Cache                                                   : loaded 2 times (x 70B)
Class ijJvmDebugger2_1gqaq6lz625dk9nu1wac9a7x6$_run_closure1                          : loaded 2 times (x 139B)
Class com.google.common.collect.AbstractMultimap$Entries                              : loaded 2 times (x 120B)
Class com.google.common.io.AppendableWriter                                           : loaded 2 times (x 100B)
Class com.google.common.base.NullnessCasts                                            : loaded 2 times (x 71B)
Class com.google.common.util.concurrent.AbstractFuture$Cancellation                   : loaded 2 times (x 72B)
Class com.google.common.collect.ImmutableMap$Builder                                  : loaded 2 times (x 82B)
Class com.google.common.base.Present                                                  : loaded 2 times (x 81B)
Class com.google.common.collect.AbstractMapBasedMultimap$WrappedCollection$WrappedIterator: loaded 2 times (x 84B)
Class com.google.common.cache.RemovalListener                                         : loaded 2 times (x 70B)
Class org.gradle.api.internal.DefaultClassPathRegistry                                : loaded 2 times (x 76B)
Class com.google.common.collect.ImmutableMultimap$Keys                                : loaded 2 times (x 166B)
Class com.google.common.reflect.Invokable$ConstructorInvokable                        : loaded 2 times (x 107B)
Class com.google.common.primitives.IntsMethodsForWeb                                  : loaded 2 times (x 71B)
Class com.google.common.collect.Multimap                                              : loaded 2 times (x 70B)
Class ijJvmDebugger2_1gqaq6lz625dk9nu1wac9a7x6                                        : loaded 2 times (x 171B)
Class org.gradle.api.internal.ClassPathRegistry                                       : loaded 2 times (x 70B)
Class org.gradle.internal.classpath.DefaultClassPath$ImmutableUniqueList              : loaded 2 times (x 199B)
Class com.google.common.collect.NullnessCasts                                         : loaded 2 times (x 71B)
Class com.google.common.reflect.TypeToken                                             : loaded 2 times (x 73B)
Class com.google.common.base.ExtraObjectsMethodsForWeb                                : loaded 2 times (x 71B)
Class com.google.common.collect.MapMakerInternalMap$Segment                           : loaded 2 times (x 142B)
Class com.google.common.reflect.TypeResolver$TypeVariableKey                          : loaded 2 times (x 72B)
Class com.google.common.cache.RemovalCause                                            : loaded 2 times (x 80B)
Class com.google.common.io.ByteSink                                                   : loaded 2 times (x 76B)
Class com.google.common.cache.CacheBuilder                                            : loaded 2 times (x 72B)
Class com.google.common.collect.SingletonImmutableList                                : loaded 2 times (x 207B)
Class Settings_gradle$1                                                               : loaded 2 times (x 75B)
Class org.gradle.internal.classpath.ClassPath                                         : loaded 2 times (x 70B)
Class [Lcom.google.common.reflect.Types$JavaVersion;                                  : loaded 2 times (x 69B)
Class com.google.common.collect.Interners$InternerBuilder                             : loaded 2 times (x 76B)
Class com.google.common.io.Files$FileByteSource                                       : loaded 2 times (x 85B)
Class com.google.common.base.JdkPattern                                               : loaded 2 times (x 75B)
Class com.google.common.collect.ImmutableList$ReverseImmutableList                    : loaded 2 times (x 209B)
Class com.google.common.io.CharStreams$NullWriter                                     : loaded 2 times (x 99B)
Class com.google.common.io.CharSource$CharSequenceCharSource                          : loaded 2 times (x 86B)
Class org.objectweb.asm.SymbolTable$Entry                                             : loaded 2 times (x 74B)
Class jdk.internal.jimage.ImageStringsReader                                          : loaded 2 times (x 80B)
Class org.objectweb.asm.Edge                                                          : loaded 2 times (x 72B)
Class com.google.common.base.Suppliers$SupplierOfInstance                             : loaded 2 times (x 79B)
Class com.google.common.collect.Iterators$1                                           : loaded 2 times (x 81B)
Class com.google.common.reflect.TypeToken$1                                           : loaded 2 times (x 110B)
Class com.google.common.cache.LocalCache$ComputingValueReference                      : loaded 2 times (x 96B)
Class com.google.common.collect.SingletonImmutableSet                                 : loaded 2 times (x 146B)
Class com.google.common.collect.ImmutableMap$IteratorBasedImmutableMap                : loaded 2 times (x 126B)
Class jdk.internal.jimage.ImageReader                                                 : loaded 2 times (x 75B)
Class com.google.common.reflect.TypeToken$2                                           : loaded 2 times (x 110B)
Class com.google.common.cache.LocalCache$Segment                                      : loaded 2 times (x 154B)
Class jdk.internal.jimage.ImageReader$SharedImageReader                               : loaded 2 times (x 95B)
Class com.google.common.collect.AbstractListMultimap                                  : loaded 2 times (x 172B)
Class [Lorg.objectweb.asm.SymbolTable$Entry;                                          : loaded 2 times (x 69B)
Class com.google.common.cache.CacheLoader                                             : loaded 2 times (x 74B)
Class com.google.common.collect.Iterators$4                                           : loaded 2 times (x 82B)
Class com.google.common.collect.ImmutableBiMap                                        : loaded 2 times (x 143B)
Class org.gradle.api.internal.classpath.ModuleRegistry                                : loaded 2 times (x 70B)
Class org.gradle.internal.installation.GradleInstallation$1                           : loaded 2 times (x 75B)
Class com.google.common.base.Splitter$SplittingIterator                               : loaded 2 times (x 84B)
Class com.google.common.collect.ImmutableSet$JdkBackedSetBuilderImpl                  : loaded 2 times (x 76B)
Class com.google.common.util.concurrent.internal.InternalFutureFailureAccess          : loaded 2 times (x 72B)
Class com.google.common.collect.Iterators$5                                           : loaded 2 times (x 82B)
Class com.google.common.collect.ImmutableMultimap$Values                              : loaded 2 times (x 126B)
Class com.google.common.cache.LocalCache$LocalManualCache$1                           : loaded 2 times (x 75B)
Class com.google.common.base.CharMatcher$ForPredicate                                 : loaded 2 times (x 112B)
Class jdk.internal.jimage.ImageReader$Node                                            : loaded 2 times (x 84B)
Class com.google.common.base.CharMatcher$AnyOf                                        : loaded 2 times (x 112B)
Class com.google.common.collect.ImmutableCollection                                   : loaded 2 times (x 125B)
Class org.gradle.api.internal.classpath.DefaultModuleRegistry                         : loaded 2 times (x 86B)
Class jdk.internal.jimage.BasicImageReader$1                                          : loaded 2 times (x 77B)
Class com.google.common.collect.Lists                                                 : loaded 2 times (x 71B)
Class com.google.common.util.concurrent.ListenableFuture                              : loaded 2 times (x 70B)
Class com.google.common.cache.ReferenceEntry                                          : loaded 2 times (x 70B)
Class com.google.common.base.Converter                                                : loaded 2 times (x 90B)
Class com.google.common.collect.ImmutableSet$CachingAsList                            : loaded 2 times (x 148B)
Class com.google.common.collect.AbstractMapBasedMultimap                              : loaded 2 times (x 139B)
Class com.google.common.util.concurrent.AbstractFuture                                : loaded 2 times (x 106B)
Class com.google.common.base.FunctionalEquivalence                                    : loaded 2 times (x 83B)
Class com.google.common.collect.Iterators$9                                           : loaded 2 times (x 81B)
Class com.google.common.collect.ImmutableAsList                                       : loaded 2 times (x 209B)
Class com.google.common.collect.ImmutableMultiset                                     : loaded 2 times (x 163B)
Class com.google.common.io.CharStreams                                                : loaded 2 times (x 71B)
Class com.google.common.reflect.TypeResolver$TypeTable                                : loaded 2 times (x 73B)
Class org.objectweb.asm.RecordComponentVisitor                                        : loaded 2 times (x 77B)
Class com.google.common.cache.CacheLoader$SupplierToCacheLoader                       : loaded 2 times (x 75B)
Class jdk.internal.jimage.decompressor.Decompressor                                   : loaded 2 times (x 72B)
Class com.google.common.reflect.TypeResolver$TypeTable$1                              : loaded 2 times (x 73B)
Class com.google.common.collect.Maps$EntryTransformer                                 : loaded 2 times (x 70B)
Class ijJvmDebugger2_1gqaq6lz625dk9nu1wac9a7x6$_run_closure1$_closure2                : loaded 2 times (x 140B)
Class org.gradle.internal.service.ServiceLookupException                              : loaded 2 times (x 82B)
Class com.google.common.collect.Lists$ReverseList                                     : loaded 2 times (x 200B)
Class [Lcom.google.common.cache.LocalCache$EntryFactory;                              : loaded 2 times (x 69B)
Class ijKotlinCoroutineJvmDebugInit2_ef12ij5nrd0m5ikpy7hx18it2$_run_closure1          : loaded 2 times (x 139B)
Class org.gradle.internal.classloader.ClassLoaderFactory                              : loaded 2 times (x 70B)
Class com.google.common.collect.ImmutableMap$SerializedForm                           : loaded 2 times (x 73B)
Class com.google.common.base.CommonPattern                                            : loaded 2 times (x 74B)
Class com.google.common.cache.LocalCache$LocalManualCache                             : loaded 2 times (x 99B)
Class com.google.common.base.CharMatcher$IsNot                                        : loaded 2 times (x 111B)
Class org.gradle.internal.service.CachingServiceLocator                               : loaded 2 times (x 82B)
Class com.google.common.collect.AbstractMapBasedMultimap$KeySet                       : loaded 2 times (x 137B)
Class com.google.common.math.IntMath                                                  : loaded 2 times (x 71B)
Class com.google.common.reflect.Types$TypeVariableInvocationHandler                   : loaded 2 times (x 75B)
Class com.google.common.collect.MapMakerInternalMap$InternalEntry                     : loaded 2 times (x 70B)
Class com.google.common.collect.ImmutableMapEntry                                     : loaded 2 times (x 85B)
Class com.google.common.collect.ImmutableMultimap                                     : loaded 2 times (x 147B)
Class com.google.common.base.Equivalence                                              : loaded 2 times (x 82B)
Class com.google.common.base.Function                                                 : loaded 2 times (x 70B)
Class com.google.common.collect.ImmutableMapEntry$NonTerminalImmutableMapEntry        : loaded 2 times (x 85B)
Class com.google.common.collect.IndexedImmutableSet$1                                 : loaded 2 times (x 213B)
Class com.google.common.cache.CacheBuilder$OneWeigher                                 : loaded 2 times (x 82B)
Class com.google.common.collect.RegularImmutableList                                  : loaded 2 times (x 213B)
Class jdk.internal.jimage.ImageBufferCache                                            : loaded 2 times (x 71B)
Class jdk.internal.jrtfs.JrtPath                                                      : loaded 2 times (x 118B)
Class com.google.common.reflect.Types$ClassOwnership$1LocalClass                      : loaded 2 times (x 71B)
Class org.gradle.internal.classloader.ClasspathUtil                                   : loaded 2 times (x 71B)
Class com.google.common.util.concurrent.Uninterruptibles                              : loaded 2 times (x 71B)
Class com.google.common.io.CharSource                                                 : loaded 2 times (x 85B)
Class com.google.common.collect.AbstractMapBasedMultimap$WrappedSet                   : loaded 2 times (x 142B)
Class com.google.common.util.concurrent.LazyLogger                                    : loaded 2 times (x 72B)
Class com.google.common.collect.Maps                                                  : loaded 2 times (x 71B)
Class org.gradle.api.specs.Spec                                                       : loaded 2 times (x 70B)
Class com.google.common.reflect.Types$JavaVersion                                     : loaded 2 times (x 83B)
Class com.google.common.collect.MapMaker                                              : loaded 2 times (x 72B)
Class [Lcom.google.common.collect.ImmutableEntry;                                     : loaded 2 times (x 69B)
Class com.google.common.cache.LocalCache$LoadingValueReference                        : loaded 2 times (x 96B)
Class com.google.common.collect.Multimaps$Entries                                     : loaded 2 times (x 118B)
Class com.google.common.io.LineReader$1                                               : loaded 2 times (x 75B)
Class com.google.common.reflect.Invokable$MethodInvokable                             : loaded 2 times (x 107B)
Class com.google.common.collect.MapMakerInternalMap$StrongKeyDummyValueEntry          : loaded 2 times (x 82B)
Class com.google.common.base.Platform                                                 : loaded 2 times (x 71B)
Class jdk.internal.jimage.ImageReader$Directory                                       : loaded 2 times (x 84B)
Class [Lorg.objectweb.asm.AnnotationWriter;                                           : loaded 2 times (x 69B)
Class com.google.common.collect.AbstractMapBasedMultimap$WrappedList                  : loaded 2 times (x 205B)
Class com.google.common.collect.Maps$8                                                : loaded 2 times (x 82B)
Class [Lcom.google.common.collect.Iterators$EmptyModifiableIterator;                  : loaded 2 times (x 69B)
Class com.google.common.collect.Lists$ReverseList$1                                   : loaded 2 times (x 99B)
Class com.google.common.collect.Sets$SetView                                          : loaded 2 times (x 138B)
Class com.google.common.cache.LocalCache$StrongValueReference                         : loaded 2 times (x 90B)
Class com.google.common.graph.SuccessorsFunction                                      : loaded 2 times (x 70B)
Class org.objectweb.asm.Type                                                          : loaded 2 times (x 72B)
Class org.gradle.internal.classloader.VisitableURLClassLoader$InstrumentingVisitableURLClassLoader: loaded 2 times (x 123B)
Class com.google.common.collect.MapMakerInternalMap$StrongKeyDummyValueEntry$Helper   : loaded 2 times (x 79B)
Class com.google.common.io.Files$FileByteSink                                         : loaded 2 times (x 77B)
Class com.google.common.math.IntMath$1                                                : loaded 2 times (x 71B)
Class org.objectweb.asm.ByteVector                                                    : loaded 2 times (x 79B)
Class [Lcom.google.common.cache.CacheBuilder$NullListener;                            : loaded 2 times (x 69B)
Class org.gradle.internal.classloader.VisitableURLClassLoader$Spec                    : loaded 2 times (x 74B)
Class org.gradle.internal.classpath.DefaultClassPath                                  : loaded 2 times (x 90B)
Class com.google.common.reflect.Types$ClassOwnership                                  : loaded 2 times (x 80B)
Class com.google.common.base.AbstractIterator                                         : loaded 2 times (x 80B)
Class org.objectweb.asm.Symbol                                                        : loaded 2 times (x 73B)
Class com.google.common.io.Java8Compatibility                                         : loaded 2 times (x 71B)
Class com.google.common.io.Closer                                                     : loaded 2 times (x 78B)
Class com.google.common.base.CharMatcher$BitSetMatcher                                : loaded 2 times (x 112B)
Class com.google.common.collect.ImmutableSet                                          : loaded 2 times (x 145B)
Class com.google.common.collect.RegularImmutableMap$Values                            : loaded 2 times (x 207B)
Class org.gradle.internal.classloader.ClassLoaderSpec                                 : loaded 2 times (x 71B)
Class com.google.common.io.ByteSource$EmptyByteSource                                 : loaded 2 times (x 85B)
Class org.objectweb.asm.AnnotationWriter                                              : loaded 2 times (x 79B)
Class com.google.common.cache.CacheStats                                              : loaded 2 times (x 71B)
Class com.google.common.collect.AbstractMapBasedMultimap$2                            : loaded 2 times (x 85B)
Class com.google.common.collect.ImmutableMultisetGwtSerializationDependencies         : loaded 2 times (x 125B)
Class com.google.common.collect.Interners                                             : loaded 2 times (x 71B)
Class com.google.common.io.Closer$Suppressor                                          : loaded 2 times (x 70B)
Class com.google.common.io.LineProcessor                                              : loaded 2 times (x 70B)
Class org.objectweb.asm.RecordComponentWriter                                         : loaded 2 times (x 78B)
Class com.google.common.util.concurrent.AbstractFuture$Listener                       : loaded 2 times (x 72B)
Class com.google.common.base.CharMatcher$Or                                           : loaded 2 times (x 112B)
Class Settings_gradle$1$1                                                             : loaded 2 times (x 75B)
Class org.objectweb.asm.Attribute                                                     : loaded 2 times (x 77B)
Class com.google.common.base.Supplier                                                 : loaded 2 times (x 70B)
Class org.gradle.internal.classloader.VisitableURLClassLoader                         : loaded 2 times (x 117B)
Class com.google.common.io.CharSource$AsByteSource                                    : loaded 2 times (x 85B)
Class com.google.common.collect.ImmutableList$SerializedForm                          : loaded 2 times (x 73B)
Class Settings_gradle                                                                 : loaded 2 times (x 124B)
Class org.gradle.internal.Cast                                                        : loaded 2 times (x 71B)
Class org.gradle.api.Action                                                           : loaded 2 times (x 70B)
Class com.google.common.collect.MapMakerInternalMap                                   : loaded 2 times (x 161B)
Class com.google.common.base.Strings                                                  : loaded 2 times (x 71B)
Class com.google.common.collect.Sets                                                  : loaded 2 times (x 71B)
Class org.objectweb.asm.Handler                                                       : loaded 2 times (x 72B)
Class com.google.common.base.Ticker                                                   : loaded 2 times (x 72B)
Class com.google.common.base.CharMatcher$FastMatcher                                  : loaded 2 times (x 111B)
Class com.google.common.cache.RemovalCause$1                                          : loaded 2 times (x 80B)
Class [Lcom.google.common.cache.LocalCache$Segment;                                   : loaded 2 times (x 69B)
Class [Lcom.google.common.cache.LocalCache$Strength;                                  : loaded 2 times (x 69B)
Class com.google.common.cache.CacheBuilder$1                                          : loaded 2 times (x 85B)
Class com.google.common.base.Predicate                                                : loaded 2 times (x 70B)
Class com.google.common.collect.ImmutableMap                                          : loaded 2 times (x 120B)
Class org.gradle.internal.classpath.DefaultClassPath$ImmutableUniqueList$Builder      : loaded 2 times (x 75B)
Class com.google.common.cache.RemovalCause$2                                          : loaded 2 times (x 80B)
Class com.google.common.collect.MapMakerInternalMap$WeakValueReference                : loaded 2 times (x 70B)
Class com.google.common.cache.LocalCache                                              : loaded 2 times (x 187B)
Class com.google.common.cache.CacheBuilder$2                                          : loaded 2 times (x 79B)
Class com.google.common.base.CharMatcher$NegatedFastMatcher                           : loaded 2 times (x 113B)
Class com.google.common.cache.RemovalCause$3                                          : loaded 2 times (x 80B)
Class com.google.common.collect.ArrayListMultimap                                     : loaded 2 times (x 172B)
Class com.google.common.cache.CacheBuilder$3                                          : loaded 2 times (x 72B)
Class [Lcom.google.common.collect.AbstractMapEntry;                                   : loaded 2 times (x 69B)
Class com.google.common.collect.ImmutableEntry                                        : loaded 2 times (x 82B)
Class org.gradle.api.GradleException                                                  : loaded 2 times (x 82B)
Class jdk.internal.jimage.ImageStrings                                                : loaded 2 times (x 70B)
Class com.google.common.base.Suppliers$MemoizingSupplier                              : loaded 2 times (x 79B)
Class com.google.common.cache.RemovalCause$4                                          : loaded 2 times (x 80B)
Class com.google.common.io.CharSource$EmptyCharSource                                 : loaded 2 times (x 86B)
Class com.google.common.collect.CollectPreconditions                                  : loaded 2 times (x 71B)
Class com.google.common.cache.RemovalCause$5                                          : loaded 2 times (x 80B)
Class [Lcom.google.common.collect.MapMakerInternalMap$Strength;                       : loaded 2 times (x 69B)
Class [Lcom.google.common.io.FileWriteMode;                                           : loaded 2 times (x 69B)
Class com.google.common.collect.SortedMapDifference                                   : loaded 2 times (x 70B)
Class com.google.common.collect.Iterables$4                                           : loaded 2 times (x 81B)
Class com.google.common.cache.LocalCache$WriteThroughEntry                            : loaded 2 times (x 79B)
Class com.google.common.cache.LocalCache$HashIterator                                 : loaded 2 times (x 86B)
Class com.google.common.collect.MapMakerInternalMap$StrongKeyDummyValueSegment        : loaded 2 times (x 142B)
Class com.google.common.io.Files                                                      : loaded 2 times (x 71B)
Class com.google.common.cache.LocalCache$EntryFactory                                 : loaded 2 times (x 83B)
Class com.google.common.reflect.Types$NativeTypeVariableEquals                        : loaded 2 times (x 71B)
Class com.google.common.reflect.TypeParameter                                         : loaded 2 times (x 72B)
Class [Lcom.google.common.collect.MapMaker$Dummy;                                     : loaded 2 times (x 69B)
Class com.google.common.base.CharMatcher$Whitespace                                   : loaded 2 times (x 112B)
Class com.google.common.cache.LocalCache$AbstractReferenceEntry                       : loaded 2 times (x 107B)
Class org.gradle.internal.IoActions                                                   : loaded 2 times (x 71B)
Class com.google.common.collect.ImmutableMapKeySet                                    : loaded 2 times (x 152B)
Class org.objectweb.asm.SymbolTable                                                   : loaded 2 times (x 72B)
Class com.google.common.cache.CacheLoader$InvalidCacheLoadException                   : loaded 2 times (x 82B)
Class com.google.common.collect.ImmutableSet$RegularSetBuilderImpl                    : loaded 2 times (x 77B)
Class org.gradle.internal.classloader.SystemClassLoaderSpec                           : loaded 2 times (x 71B)
Class com.google.common.collect.FluentIterable                                        : loaded 2 times (x 81B)
Class com.google.common.cache.LocalCache$StrongEntry                                  : loaded 2 times (x 108B)
Class com.google.common.util.concurrent.AbstractFuture$TrustedFuture                  : loaded 2 times (x 114B)
Class com.google.common.cache.LoadingCache                                            : loaded 2 times (x 70B)
Class jdk.internal.jrtfs.JrtFileSystem                                                : loaded 2 times (x 102B)
Class com.google.common.base.Suppliers$NonSerializableMemoizingSupplier               : loaded 2 times (x 79B)
Class com.google.common.io.ByteStreams$LimitedInputStream                             : loaded 2 times (x 92B)
Class org.objectweb.asm.MethodWriter                                                  : loaded 2 times (x 106B)
Class [Lcom.google.common.cache.Weigher;                                              : loaded 2 times (x 69B)
Class com.google.common.collect.RegularImmutableMap$BucketOverflowException           : loaded 2 times (x 82B)
Class com.google.common.collect.ImmutableMultimap$1                                   : loaded 2 times (x 82B)
Class com.google.common.collect.AbstractMapBasedMultimap$RandomAccessWrappedList      : loaded 2 times (x 205B)
Class com.google.common.collect.ImmutableMultimap$2                                   : loaded 2 times (x 81B)
Class com.google.common.collect.AbstractIterator$State                                : loaded 2 times (x 79B)
Class com.google.common.reflect.Types$JavaVersion$1                                   : loaded 2 times (x 83B)
Class com.google.common.collect.RegularImmutableBiMap                                 : loaded 2 times (x 149B)
Class com.google.common.cache.LocalCache$ValueReference                               : loaded 2 times (x 70B)
Class com.google.common.base.CharMatcher$Negated                                      : loaded 2 times (x 113B)
Class com.google.common.base.CharMatcher$Is                                           : loaded 2 times (x 111B)
Class com.google.common.hash.PrimitiveSink                                            : loaded 2 times (x 70B)
Class com.google.common.reflect.Types$JavaVersion$2                                   : loaded 2 times (x 83B)
Class com.google.common.reflect.Types                                                 : loaded 2 times (x 71B)
Class com.google.common.base.PatternCompiler                                          : loaded 2 times (x 70B)
Class com.google.common.util.concurrent.AbstractFuture$Failure                        : loaded 2 times (x 72B)
Class com.google.common.base.Equivalence$Equals                                       : loaded 2 times (x 82B)
Class com.google.common.collect.Hashing                                               : loaded 2 times (x 71B)
Class com.google.common.base.Preconditions                                            : loaded 2 times (x 71B)
Class com.google.common.reflect.Types$JavaVersion$3                                   : loaded 2 times (x 83B)
Class com.google.common.collect.ImmutableSetMultimap                                  : loaded 2 times (x 180B)
Class com.google.common.io.CharSink                                                   : loaded 2 times (x 79B)
Class com.google.common.base.Joiner$1                                                 : loaded 2 times (x 80B)
Class org.objectweb.asm.Label                                                         : loaded 2 times (x 73B)
Class org.objectweb.asm.CurrentFrame                                                  : loaded 2 times (x 73B)
Class org.objectweb.asm.ClassTooLargeException                                        : loaded 2 times (x 83B)
Class com.google.common.base.CharMatcher                                              : loaded 2 times (x 111B)
Class com.google.common.collect.PeekingIterator                                       : loaded 2 times (x 70B)
Class com.google.common.io.ByteSource$AsCharSource                                    : loaded 2 times (x 86B)
Class com.google.common.reflect.Types$JavaVersion$4                                   : loaded 2 times (x 83B)
Class com.google.common.collect.MapMakerInternalMap$InternalEntryHelper               : loaded 2 times (x 70B)
Class com.google.common.collect.Maps$IteratorBasedAbstractMap                         : loaded 2 times (x 125B)
Class com.google.common.collect.Table                                                 : loaded 2 times (x 70B)
Class com.google.common.base.Joiner$2                                                 : loaded 2 times (x 79B)
Class org.objectweb.asm.Frame                                                         : loaded 2 times (x 73B)
Class org.objectweb.asm.MethodVisitor                                                 : loaded 2 times (x 105B)
Class com.google.common.cache.LocalCache$EntryFactory$1                               : loaded 2 times (x 83B)
Class [Lcom.google.common.cache.RemovalListener;                                      : loaded 2 times (x 69B)
Class com.google.common.base.CharMatcher$1                                            : loaded 2 times (x 113B)
Class com.google.common.base.CharMatcher$NamedFastMatcher                             : loaded 2 times (x 112B)
Class com.google.common.reflect.Types$JavaVersion$5                                   : loaded 2 times (x 71B)
Class [Lcom.google.common.reflect.Types$ClassOwnership;                               : loaded 2 times (x 69B)
Class com.google.common.cache.LocalCache$EntryFactory$2                               : loaded 2 times (x 83B)
Class org.gradle.api.internal.classpath.GlobalCacheRootsProvider                      : loaded 2 times (x 70B)
Class org.objectweb.asm.ModuleWriter                                                  : loaded 2 times (x 82B)
Class com.google.common.cache.LocalCache$EntryFactory$3                               : loaded 2 times (x 83B)
Class com.google.common.base.Ticker$1                                                 : loaded 2 times (x 72B)
Class com.google.common.collect.Maps$BiMapConverter                                   : loaded 2 times (x 90B)
Class com.google.common.collect.ImmutableMapEntrySet$RegularEntrySet                  : loaded 2 times (x 152B)
Class com.google.common.collect.SetMultimap                                           : loaded 2 times (x 70B)
Class com.google.common.collect.ImmutableSet$Builder                                  : loaded 2 times (x 85B)
Class com.google.common.cache.LocalCache$EntryFactory$4                               : loaded 2 times (x 83B)
Class com.google.common.base.CharMatcher$InRange                                      : loaded 2 times (x 111B)
Class Settings_gradle$1$1$1                                                           : loaded 2 times (x 75B)
Class com.google.common.io.ByteStreams$1                                              : loaded 2 times (x 85B)
Class com.google.common.cache.LocalCache$EntryFactory$5                               : loaded 2 times (x 83B)
Class com.google.common.io.LineReader                                                 : loaded 2 times (x 72B)
Class com.google.common.collect.HashMultimap                                          : loaded 2 times (x 174B)
Class com.google.common.cache.LocalCache$EntryFactory$6                               : loaded 2 times (x 83B)
Class org.gradle.internal.installation.CurrentGradleInstallationLocator               : loaded 2 times (x 71B)
Class com.google.common.collect.ImmutableMultimap$Builder                             : loaded 2 times (x 86B)
Class com.google.common.io.ByteSource$SlicedByteSource                                : loaded 2 times (x 85B)
Class com.google.common.collect.Maps$KeySet                                           : loaded 2 times (x 137B)
Class com.google.common.collect.ImmutableSet$EmptySetBuilderImpl                      : loaded 2 times (x 76B)
Class com.google.common.cache.LocalCache$EntryFactory$7                               : loaded 2 times (x 83B)
Class com.google.common.collect.ImmutableList                                         : loaded 2 times (x 206B)
Class org.gradle.internal.service.DefaultServiceLocator                               : loaded 2 times (x 83B)
Class com.google.common.collect.ImmutableMultimap$EntryCollection                     : loaded 2 times (x 128B)
Class com.google.common.cache.LocalCache$SoftValueReference                           : loaded 2 times (x 97B)
Class com.google.common.collect.Maps$EntrySet                                         : loaded 2 times (x 136B)
Class com.google.common.cache.LocalCache$EntryFactory$8                               : loaded 2 times (x 83B)
Class com.google.common.collect.ImmutableSet$SetBuilderImpl                           : loaded 2 times (x 76B)
Class org.gradle.internal.installation.CurrentGradleInstallation                      : loaded 2 times (x 73B)
Class com.google.common.cache.CacheLoader$1                                           : loaded 2 times (x 75B)
Class com.google.common.collect.ForwardingObject                                      : loaded 2 times (x 72B)
Class com.google.common.collect.ImmutableList$SubList                                 : loaded 2 times (x 209B)
Class org.gradle.util.internal.GUtil                                                  : loaded 2 times (x 71B)
Class com.google.common.io.ByteSource                                                 : loaded 2 times (x 84B)
Class com.google.common.cache.AbstractCache$StatsCounter                              : loaded 2 times (x 70B)
Class com.google.common.io.LineBuffer                                                 : loaded 2 times (x 75B)
Class com.google.common.reflect.Types$TypeVariableImpl                                : loaded 2 times (x 72B)
Class com.google.common.collect.MapMakerInternalMap$1                                 : loaded 2 times (x 83B)
Class com.google.common.collect.Iterators$MergingIterator                             : loaded 2 times (x 81B)
Class com.google.common.collect.RegularImmutableSet                                   : loaded 2 times (x 149B)
Class org.gradle.internal.installation.GradleInstallation                             : loaded 2 times (x 75B)
Class com.google.common.base.Splitter$Strategy                                        : loaded 2 times (x 70B)
Class com.google.common.collect.Iterables                                             : loaded 2 times (x 71B)
Class com.google.common.collect.Lists$RandomAccessReverseList                         : loaded 2 times (x 200B)

---------------  S Y S T E M  ---------------

OS:
 Windows 11 , 64 bit Build 26100 (10.0.26100.7705)
OS uptime: 0 days 0:39 hours
Hyper-V role detected

CPU: total 12 (initial active 12) (12 cores per cpu, 2 threads per core) family 25 model 68 stepping 1 microcode 0xa40410a, cx8, cmov, fxsr, ht, mmx, 3dnowpref, sse, sse2, sse3, ssse3, sse4a, sse4.1, sse4.2, popcnt, lzcnt, tsc, tscinvbit, avx, avx2, aes, erms, clmul, bmi1, bmi2, adx, sha, fma, vzeroupper, clflush, clflushopt, hv, rdtscp, rdpid, fsrm, f16c, cet_ss
Processor Information for the first 12 processors :
  Max Mhz: 3301, Current Mhz: 3301, Mhz Limit: 3301

Memory: 4k page, system-wide physical 15676M (2062M free)
TotalPageFile size 18531M (AvailPageFile size 342M)
current process WorkingSet (physical memory assigned to process): 1137M, peak: 1140M
current process commit charge ("private bytes"): 1172M, peak: 1582M

vm_info: OpenJDK 64-Bit Server VM (21.0.9+-14649483-b1163.86) for windows-amd64 JRE (21.0.9+-14649483-b1163.86), built on 2025-12-30T22:08:35Z by "builder" with MS VC++ 16.10 / 16.11 (VS2019)

END.
